address,size,file,symbol,status,similarity
0x401000,42,src/unsorted/0x401000.cpp,?FUN_00401000@@YGXPAVObj@@HHP81@AEXXZ@Z,matched,100.0
0x401030,49,src/unsorted/0x401030.cpp,?FUN_00401030@@YGXPAVObj@@HHP81@AEXXZ@Z,matched,100.0
0x401070,57,src/unsorted/0x401070.cpp,?Reset@PlayerRef@@QAEXE@Z,matched,100.0
0x4010b0,95,src/unsorted/0x4010b0.cpp,?FUN_004010b0@Class_004010b0@@QAEXPAUUnitInfo_4010b0@@PAVClass_004b4ba0@@@Z,matched,100.0
0x401110,99,src/unsorted/0x401110.cpp,?FUN_00401110@Class_00401110@@QAEXPAUUnitInfo_401110@@PAVClass_004b4ba0@@@Z,matched,100.0
0x401180,53,src/unsorted/0x401180.cpp,?FUN_00401180@Class_00401180@@QAEHPAV1@M@Z,matched,100.0
0x4011c0,93,src/unsorted/0x4011c0.cpp,?FUN_004011c0@Class_004011c0@@QAEHMM@Z,matched,100.0
0x401220,61,src/unsorted/0x401220.cpp,?FUN_00401220@Class_00401220@@QAEHM@Z,matched,100.0
0x401260,61,src/unsorted/0x401260.cpp,?FUN_00401260@Class_00401260@@QAEHM@Z,matched,100.0
0x4012a0,126,src/unsorted/0x4012a0.cpp,?FUN_004012a0@Class_004012a0@@QAEHMM@Z,matched,100.0
0x401320,53,src/unsorted/0x401320.cpp,?FUN_00401320@@YGXPAUObj_00401320@@MM@Z,matched,100.0
0x401360,2239,src/unsorted/0x401360.cpp,?FUN_00401360@@YGXPAUPlayer_00401360@@@Z,partial,50.7
0x401c20,155,src/unsorted/0x401c20.cpp,?FUN_00401c20@@YGHPAUUnit_00401c20@@PAVClass_00438880@@H@Z,matched,100.0
0x401cc0,30,src/unsorted/0x401cc0.cpp,?FUN_00401cc0@@YGHPAUUnit_00401cc0@@PAVClass_00438880@@H@Z,matched,100.0
0x401e00,463,src/unsorted/0x401e00.cpp,?FUN_00401e00@@YGHPAUUnit_00401e00@@PAUOrder_00401e00@@H@Z,matched,100.0
0x401fd0,63,src/unsorted/0x401fd0.cpp,?FUN_00401fd0@@YGHHPAUObj@@H@Z,matched,100.0
0x402160,141,src/unsorted/0x402160.cpp,?FUN_00402160@@YGHPAUUnit_00402160@@PAUOrder_00402160@@H@Z,matched,100.0
0x4021f0,564,src/unsorted/0x4021f0.cpp,?FUN_004021f0@@YGHPAUUnit_004021f0@@PAUOrder_004021f0@@H@Z,matched,100.0
0x402d10,131,src/unsorted/0x402d10.cpp,?FUN_00402d10@@YGHPAUUnit_00402d10@@PAUOrder_00402d10@@H@Z,matched,100.0
0x402fc0,79,src/unsorted/0x402fc0.cpp,?FUN_00402fc0@@YGHPAUUnit_00402fc0@@PAUOrder_00402fc0@@H@Z,matched,100.0
0x403010,41,src/unsorted/0x403010.cpp,?FUN_00403010@@YGHPAUObj_403010@@HH@Z,matched,100.0
0x403040,41,src/unsorted/0x403040.cpp,?FUN_00403040@@YGHPAUObj_403040@@HH@Z,matched,100.0
0x403070,47,src/unsorted/0x403070.cpp,?FUN_00403070@@YGHPADHH@Z,matched,100.0
0x4030a0,47,src/unsorted/0x4030a0.cpp,?FUN_004030a0@@YGHPADHH@Z,matched,100.0
0x4030d0,45,src/unsorted/0x4030d0.cpp,?FUN_004030d0@@YGHPAUUnit_004030d0@@PAUOrder_004030d0@@H@Z,matched,100.0
0x403100,94,src/unsorted/0x403100.cpp,?FUN_00403100@@YGHPAUUnit_00403100@@PAUOrder_00403100@@H@Z,matched,100.0
0x403160,19,src/unsorted/0x403160.cpp,?FUN_00403160@@YGHHPAXH@Z,matched,100.0
0x403180,13,src/unsorted/0x403180.cpp,?FUN_00403180@@YAXXZ,matched,100.0
0x403190,50,src/unsorted/0x403190.cpp,?FUN_00403190@@YGHPAUUnit_00403190@@PAVClass_00438b90@@H@Z,matched,100.0
0x4031d0,132,src/unsorted/0x4031d0.cpp,?FUN_004031d0@@YGHPAUUnitBody_004031d0@@PAVOrder_004031d0@@H@Z,matched,100.0
0x406090,257,src/unsorted/0x406090.cpp,?FUN_00406090@@YGHPAUUnit@@PAUOrder@@H@Z,matched,100.0
0x4061a0,346,src/unsorted/0x4061a0.cpp,?FUN_004061a0@@YGHPAUUnit@@PAUOrder@@H@Z,matched,100.0
0x406780,384,src/unsorted/0x406780.cpp,?FUN_00406780@@YGHPAUUnit@@PAUOrder@@E@Z,matched,100.0
0x406aa0,331,src/unsorted/0x406aa0.cpp,?FUN_00406aa0@@YGHPAUUnit@@PAUOrder@@H@Z,matched,100.0
0x406bf0,13,src/unsorted/0x406bf0.cpp,?FUN_00406bf0@@YAXXZ,matched,100.0
0x406c00,3,src/unsorted/0x406c00.cpp,?_Destroy@?$vector@UElem_00406c10@@V?$allocator@UElem_00406c10@@@std@@@std@@IAEXPAUElem_00406c10@@0@Z,matched,100.0
0x406c10,46,src/unsorted/0x406c10.cpp,?_Ucopy@?$vector@UElem_00406c10@@V?$allocator@UElem_00406c10@@@std@@@std@@IAEPAUElem_00406c10@@PBU3@0PAU3@@Z,matched,100.0
0x406c40,35,src/unsorted/0x406c40.cpp,?_Ufill@?$vector@UElem_00406c10@@V?$allocator@UElem_00406c10@@@std@@@std@@IAEXPAUElem_00406c10@@IABU3@@Z,matched,100.0
0x406c70,19,src/unsorted/0x406c70.cpp,?FUN_00406c70@@YGXPAH0@Z,matched,100.0
0x406c90,257,src/unsorted/0x406c90.cpp,?FUN_00406c90@@YGXPAUClass_004b73c0@@@Z,matched,100.0
0x406da0,11,src/unsorted/0x406da0.cpp,?FUN_00406da0@@YAXXZ,matched,100.0
0x406db0,144,src/unsorted/0x406db0.cpp,?FUN_00406db0@@YGXPAVClass_004b7410@@@Z,matched,100.0
0x406e40,156,src/unsorted/0x406e40.cpp,?FUN_00406e40@@YGXPAVClass_004b73e0@@@Z,matched,100.0
0x406ee0,29,src/unsorted/0x406ee0.cpp,?FUN_00406ee0@@YGHEGH@Z,matched,100.0
0x406f00,52,src/unsorted/0x406f00.cpp,?FUN_00406f00@@YAXXZ,matched,100.0
0x406f40,1,src/unsorted/0x406f40.cpp,?FUN_00406f40@@YAXXZ,matched,100.0
0x406f50,46,src/unsorted/0x406f50.cpp,?FUN_00406f50@Class_00406f50@@QAEXPAUObj_00406f50@@HH@Z,matched,100.0
0x4071f0,340,src/unsorted/0x4071f0.cpp,?FUN_004071f0@Class_004071f0@@QAEPAUUnit@@HHH@Z,matched,100.0
0x407350,40,src/unsorted/0x407350.cpp,??0Class_00407350@@QAE@PAUClass_00408cb0@@PAX@Z,matched,100.0
0x407380,1,src/unsorted/0x407380.cpp,?FUN_00407380@Class_00407350@@UAEXXZ,matched,100.0
0x407390,32,src/unsorted/0x407390.cpp,??_GClass_00407350@@UAEPAXI@Z,matched,100.0
0x4073b0,83,src/unsorted/0x4073b0.cpp,?FUN_004073b0@Class_00407350@@QAEHPAUVec3_00407410@@@Z,matched,100.0
0x407410,143,src/unsorted/0x407410.cpp,?FUN_00407410@Class_00407350@@QAEHPAUVec3_00407410@@@Z,matched,100.0
0x4074a0,189,src/unsorted/0x4074a0.cpp,?FUN_004074a0@Class_00407350@@QAEHPAUVec@@H@Z,matched,100.0
0x4077e0,329,src/unsorted/0x4077e0.cpp,?FUN_00407380@Class_00407930@@QAEXXZ,matched,100.0
0x407930,75,src/unsorted/0x407930.cpp,??0Class_00407930@@QAE@PAUClass_00408cb0@@PAXHH@Z,matched,100.0
0x407980,32,src/unsorted/0x407980.cpp,??_GClass_00407930@@UAEPAXI@Z,matched,100.0
0x4079a0,47,src/unsorted/0x4079a0.cpp,??0Class_004079d0@@QAE@PAUClass_00408cb0@@PAXH@Z,matched,100.0
0x4079d0,32,src/unsorted/0x4079d0.cpp,??_GClass_004079d0@@UAEPAXI@Z,matched,100.0
0x4079f0,157,src/unsorted/0x4079f0.cpp,?FUN_00407380@Class_004079d0@@UAEXXZ,matched,100.0
0x407a90,40,src/unsorted/0x407a90.cpp,??0Class_00407a90@@QAE@PAUClass_00408cb0@@PAX@Z,matched,100.0
0x407ac0,32,src/unsorted/0x407ac0.cpp,??_GClass_00407a90@@UAEPAXI@Z,matched,100.0
0x407d40,296,src/unsorted/0x407d40.cpp,??0Class_00407d40@@QAE@PAUClass_00408cb0@@PAX@Z,partial,77.5
0x407e70,32,src/unsorted/0x407e70.cpp,??_GClass_00407d40@@UAEPAXI@Z,matched,100.0
0x408090,111,src/unsorted/0x408090.cpp,?FUN_00408090@@YGHPAUMap_00408090@@PAUPosition_00408090@@@Z,matched,100.0
0x4085d0,40,src/unsorted/0x4085d0.cpp,??0Class_004085d0@@QAE@PAUClass_00408cb0@@PAX@Z,matched,100.0
0x408600,32,src/unsorted/0x408600.cpp,??_GClass_004085d0@@UAEPAXI@Z,matched,100.0
0x408620,71,src/unsorted/0x408620.cpp,?FUN_00408620@Class_00408620@@QAEXPAUObj_00408620@@@Z,matched,100.0
0x408670,92,src/unsorted/0x408670.cpp,?FUN_00408670@@YGXPAUUnit_00408670@@@Z,matched,100.0
0x4086d0,268,src/unsorted/0x4086d0.cpp,?FUN_00407380@Class_00408810@@QAEXXZ,matched,100.0
0x4087e0,40,src/unsorted/0x4087e0.cpp,??0Class_00408810@@QAE@PAUClass_00408cb0@@PAX@Z,matched,100.0
0x408810,32,src/unsorted/0x408810.cpp,??_GClass_00408810@@UAEPAXI@Z,matched,100.0
0x408830,229,src/unsorted/0x408830.cpp,?FUN_00408830@Class_00408830@@QAEXXZ,matched,100.0
0x408920,117,src/unsorted/0x408920.cpp,?FUN_00408920@@YGXPAUUnit_00408920@@I@Z,matched,100.0
0x408bf0,73,src/unsorted/0x408bf0.cpp,?FUN_00408bf0@Class_00408bf0@@QAEXXZ,matched,100.0
0x408c40,112,src/unsorted/0x408c40.cpp,?FUN_00408c40@Class_00408c40@@QAEXXZ,matched,100.0
0x408f10,32,src/unsorted/0x408f10.cpp,?FUN_00408f10@Class_00408f10@@QAEXXZ,matched,100.0
0x409470,176,src/unsorted/0x409470.cpp,?FUN_00409470@Class_00409470@@QAEXXZ,matched,100.0
0x409e90,144,src/unsorted/0x409e90.cpp,?FUN_00409e90@@YGXHPAIHH@Z,matched,100.0
0x409f20,83,src/unsorted/0x409f20.cpp,?FUN_00409f20@@YGHHGH@Z,matched,100.0
0x40a100,75,src/unsorted/0x40a100.cpp,?FUN_0040a100@@YAXXZ,matched,100.0
0x40a5b0,19,src/unsorted/0x40a5b0.cpp,?FUN_0040a5b0@Class_0040a5b0@@QAEPAV1@PBUData@@@Z,matched,100.0
0x40ad20,73,src/unsorted/0x40ad20.cpp,?FUN_0040ad20@Class_0040ad20@@QAEXXZ,matched,100.0
0x40ad70,15,src/unsorted/0x40ad70.cpp,?FUN_0040ad70@@YGXHHH@Z,matched,100.0
0x40b2c0,85,src/unsorted/0x40b2c0.cpp,?FUN_0040b2c0@@YGXH@Z,matched,100.0
0x40b320,68,src/unsorted/0x40b320.cpp,?FUN_0040b320@@YGXH@Z,matched,100.0
0x40b370,19,src/unsorted/0x40b370.cpp,?FUN_0040b370@@YGXH@Z,matched,100.0
0x40ba80,37,src/unsorted/0x40ba80.cpp,?FUN_0040ba80@@YGXHPAUStruct_0040ba80@@@Z,matched,100.0
0x40bab0,78,src/unsorted/0x40bab0.cpp,?FUN_0040bab0@@YGXHHPAUStruct_0040bab0@@@Z,matched,100.0
0x40c200,34,src/unsorted/0x40c200.cpp,?FUN_0040c200@@YGHHI@Z,matched,100.0
0x40c230,17,src/unsorted/0x40c230.cpp,?FUN_0040c230@@YGHH@Z,matched,100.0
0x40c4f0,17,src/unsorted/0x40c4f0.cpp,?FUN_0040c4f0@@YGHH@Z,matched,100.0
0x40c510,24,src/unsorted/0x40c510.cpp,??0Class_0040c510@@QAE@PAE@Z,matched,100.0
0x40c530,34,src/unsorted/0x40c530.cpp,??1Class_0040c530@@QAE@XZ,matched,100.0
0x40c560,19,src/unsorted/0x40c560.cpp,?FUN_0040c560@Class_0040c560@@QAEHXZ,matched,100.0
0x40c580,34,src/unsorted/0x40c580.cpp,??1Class_0040c580@@QAE@XZ,matched,100.0
0x40c5b0,19,src/unsorted/0x40c5b0.cpp,?FUN_0040c5b0@Class_0040c5b0@@QAEHXZ,matched,100.0
0x40c5d0,34,src/unsorted/0x40c5d0.cpp,??1Class_0040c5d0@@QAE@XZ,matched,100.0
0x40c9f0,50,src/unsorted/0x40c9f0.cpp,?erase@?$vector@PAUElem_0040c9f0@@V?$allocator@PAUElem_0040c9f0@@@std@@@std@@QAEPAPAUElem_0040c9f0@@PAPAU3@0@Z,matched,100.0
0x40ca30,19,src/unsorted/0x40ca30.cpp,?FUN_0040ca30@Class_0040ca30@@QAEHXZ,matched,100.0
0x40cc30,3,src/unsorted/0x40cc30.cpp,?_Destroy@?$vector@UElem_0040cc40@@V?$allocator@UElem_0040cc40@@@std@@@std@@IAEXPAUElem_0040cc40@@0@Z,matched,100.0
0x40cc40,52,src/unsorted/0x40cc40.cpp,?_Ucopy@?$vector@UElem_0040cc40@@V?$allocator@UElem_0040cc40@@@std@@@std@@IAEPAUElem_0040cc40@@PBU3@0PAU3@@Z,matched,100.0
0x40cc80,30,src/unsorted/0x40cc80.cpp,?FUN_0040cc80@Class_0040cc80@@QAEHXZ,matched,100.0
0x40cfb0,66,src/unsorted/0x40cfb0.cpp,?erase@?$vector@UElem_0040cfb0@@V?$allocator@UElem_0040cfb0@@@std@@@std@@QAEPAUElem_0040cfb0@@PAU3@0@Z,matched,100.0
0x40d000,18,src/unsorted/0x40d000.cpp,?FUN_0040d000@Class_0040d000@@QAEHXZ,matched,100.0
0x40d240,52,src/unsorted/0x40d240.cpp,?erase@?$vector@GV?$allocator@G@std@@@std@@QAEPAGPAG0@Z,matched,100.0
0x40d280,3,src/unsorted/0x40d280.cpp,?_Destroy@?$vector@GV?$allocator@G@std@@@std@@IAEXPAG0@Z,matched,100.0
0x40d470,48,src/unsorted/0x40d470.cpp,?erase@?$vector@EV?$allocator@E@std@@@std@@QAEPAEPAE0@Z,matched,100.0
0x40d4a0,3,src/unsorted/0x40d4a0.cpp,?_Destroy@?$vector@EV?$allocator@E@std@@@std@@IAEXPAE0@Z,matched,100.0
0x40d4b0,3,src/unsorted/0x40d4b0.cpp,?_Destroy@?$vector@UElem_0040d4f0@@V?$allocator@UElem_0040d4f0@@@std@@@std@@IAEXPAUElem_0040d4f0@@0@Z,matched,100.0
0x40d4c0,19,src/unsorted/0x40d4c0.cpp,?FUN_0040d4c0@Class_0040d4c0@@QAEHXZ,matched,100.0
0x40d4e0,3,src/unsorted/0x40d4e0.cpp,?_Destroy@?$vector@UElem_0040d550@@V?$allocator@UElem_0040d550@@@std@@@std@@IAEXPAUElem_0040d550@@0@Z,matched,100.0
0x40d4f0,35,src/unsorted/0x40d4f0.cpp,?_Ucopy@?$vector@UElem_0040d4f0@@V?$allocator@UElem_0040d4f0@@@std@@@std@@IAEPAUElem_0040d4f0@@PBU3@0PAU3@@Z,matched,100.0
0x40d520,35,src/unsorted/0x40d520.cpp,?_Ufill@?$vector@UElem_0040d4f0@@V?$allocator@UElem_0040d4f0@@@std@@@std@@IAEXPAUElem_0040d4f0@@IABU3@@Z,matched,100.0
0x40d550,46,src/unsorted/0x40d550.cpp,?_Ucopy@?$vector@UElem_0040d550@@V?$allocator@UElem_0040d550@@@std@@@std@@IAEPAUElem_0040d550@@PBU3@0PAU3@@Z,matched,100.0
0x40d580,35,src/unsorted/0x40d580.cpp,?_Ufill@?$vector@UElem_0040d550@@V?$allocator@UElem_0040d550@@@std@@@std@@IAEXPAUElem_0040d550@@IABU3@@Z,matched,100.0
0x40d5b0,41,src/unsorted/0x40d5b0.cpp,?_Ufill@?$vector@UElem_0040cc40@@V?$allocator@UElem_0040cc40@@@std@@@std@@IAEXPAUElem_0040cc40@@IABU3@@Z,matched,100.0
0x40d5e0,25,src/unsorted/0x40d5e0.cpp,?FUN_0040d5e0@@YGXPAH0@Z,matched,100.0
0x40d600,19,src/unsorted/0x40d600.cpp,?FUN_0040d600@@YGXPAD0@Z,matched,100.0
0x40d620,73,src/unsorted/0x40d620.cpp,?FUN_0040d620@@YGXPAUEntry_40d670@@0PAH0@Z,matched,100.0
0x40d670,132,src/unsorted/0x40d670.cpp,?FUN_0040d670@@YGXPAUEntry_40d670@@HHU1@@Z,matched,100.0
0x40d700,57,src/unsorted/0x40d700.cpp,?FUN_0040d700@@YGXPAUEntry_40d670@@00U1@PAX@Z,matched,100.0
0x40d740,108,src/unsorted/0x40d740.cpp,?FUN_0040d740@@YGXPAUEntry_40d670@@HHU1@@Z,matched,100.0
0x40d880,46,src/unsorted/0x40d880.cpp,?FUN_0040d880@Class_0040d880@@QAEXXZ,matched,100.0
0x40d8b0,70,src/unsorted/0x40d8b0.cpp,?FUN_0040d8b0@Class_0040d8b0@@QAEXII@Z,matched,100.0
0x40d9c0,123,src/unsorted/0x40d9c0.cpp,?FUN_0040d9c0@@YGHHH@Z,matched,100.0
0x40da40,38,src/unsorted/0x40da40.cpp,?FUN_0040da40@Class_0040da40@@QAE_JHH@Z,matched,100.0
0x40e9a0,25,src/unsorted/0x40e9a0.cpp,?FUN_0040e9a0@Class_0040e9a0@@QAEXXZ,matched,100.0
0x40e9c0,28,src/unsorted/0x40e9c0.cpp,?FUN_0040e9c0@Class_0040e9c0@@QAEXH@Z,matched,100.0
0x40eb30,52,src/unsorted/0x40eb30.cpp,??1Class_0040eb30@@QAE@XZ,matched,100.0
0x40f000,88,src/unsorted/0x40f000.cpp,?FUN_0040f000@Class_0040f000@@QAEXH@Z,matched,100.0
0x40f1e0,25,src/unsorted/0x40f1e0.cpp,?FUN_0040f1e0@Class_0040f1e0@@QAEXH@Z,matched,100.0
0x40f200,158,src/unsorted/0x40f200.cpp,?FUN_0040f200@@YGXPAUUnit_0040f200@@PAUSource_0044e2d0@@I@Z,matched,100.0
0x40f790,51,src/unsorted/0x40f790.cpp,?FUN_0040f790@@YG?AUVec3_0040f790@@ABU1@0@Z,matched,100.0
0x4103a0,63,src/unsorted/0x4103a0.cpp,?FUN_004103a0@@YG?AUVec3_004103a0@@FH@Z,matched,100.0
0x410830,22,src/unsorted/0x410830.cpp,??0Class_00410830@@QAE@XZ,matched,100.0
0x411840,155,src/unsorted/0x411840.cpp,?FUN_00411840@@YGHPAUUnit_00411840@@H@Z,matched,100.0
0x414350,44,src/unsorted/0x414350.cpp,?FUN_00414350@@YGXUPair16@@PAH0@Z,matched,100.0
0x415250,146,src/unsorted/0x415250.cpp,?FUN_00415250@@YGHPAUUnit_00415250@@PAVOrder_00415250@@H@Z,matched,100.0
0x415b20,13,src/unsorted/0x415b20.cpp,?FUN_00415b20@@YAXXZ,matched,100.0
0x415b30,41,src/unsorted/0x415b30.cpp,?FUN_00415b30@@YAXXZ,matched,100.0
0x415b60,35,src/unsorted/0x415b60.cpp,??0Class_00415b60@@QAE@XZ,matched,100.0
0x415b90,20,src/unsorted/0x415b90.cpp,?FUN_00415b90@Class_00415b90@@QAEXXZ,matched,100.0
0x415bb0,92,src/unsorted/0x415bb0.cpp,?FUN_00415bb0@Class_00415b60@@QAEXXZ,matched,100.0
0x415da0,17,src/unsorted/0x415da0.cpp,?FUN_00415da0@Class_00415da0@@QAEXHE@Z,matched,100.0
0x415dc0,147,src/unsorted/0x415dc0.cpp,?FUN_00415dc0@Class_00415dc0@@QAEHH@Z,matched,100.0
0x415e60,38,src/unsorted/0x415e60.cpp,?FUN_00415e60@Class_00415dc0@@QAEHH@Z,matched,100.0
0x415e90,96,src/unsorted/0x415e90.cpp,?FUN_00415e90@@YAXXZ,matched,100.0
0x415ef0,77,src/unsorted/0x415ef0.cpp,?FUN_00415ef0@@YGXEHH@Z,matched,100.0
0x415f40,86,src/unsorted/0x415f40.cpp,?FUN_00415f40@@YGXHHH@Z,matched,100.0
0x416150,145,src/unsorted/0x416150.cpp,?FUN_00416150@@YGXPAI0@Z,matched,100.0
0x4161f0,75,src/unsorted/0x4161f0.cpp,?FUN_004161f0@@YAXXZ,matched,100.0
0x416240,43,src/unsorted/0x416240.cpp,?FUN_00416240@@YGXPAD@Z,matched,100.0
0x416270,3,src/unsorted/0x416270.cpp,?FUN_00416270@@YGXH@Z,matched,100.0
0x416280,134,src/unsorted/0x416280.cpp,?FUN_00416280@@YGXPAVClass_004b73e0@@@Z,matched,100.0
0x416310,96,src/unsorted/0x416310.cpp,?FUN_00416310@@YGXPAVClass_004b73e0@@@Z,matched,100.0
0x416370,3,src/unsorted/0x416370.cpp,?FUN_00416370@@YGXH@Z,matched,100.0
0x416380,3,src/unsorted/0x416380.cpp,?FUN_00416380@@YGXH@Z,matched,100.0
0x416390,8,src/unsorted/0x416390.cpp,?FUN_00416390@@YGXH@Z,matched,100.0
0x4163a0,48,src/unsorted/0x4163a0.cpp,?FUN_004163a0@@YGXPAX@Z,matched,100.0
0x4163d0,75,src/unsorted/0x4163d0.cpp,?FUN_004163d0@@YGXPAVClass_004b73c0@@@Z,matched,100.0
0x416420,55,src/unsorted/0x416420.cpp,?FUN_00416420@@YGXH@Z,matched,100.0
0x416460,74,src/unsorted/0x416460.cpp,?FUN_00416460@@YGXH@Z,matched,100.0
0x4164b0,71,src/unsorted/0x4164b0.cpp,?FUN_004164b0@@YGXPAUClass_004b73e0@@@Z,matched,100.0
0x416500,3,src/unsorted/0x416500.cpp,?FUN_00416500@@YGXH@Z,matched,100.0
0x416510,55,src/unsorted/0x416510.cpp,?FUN_00416510@@YGXH@Z,matched,100.0
0x416550,55,src/unsorted/0x416550.cpp,?FUN_00416550@@YGXH@Z,matched,100.0
0x416590,39,src/unsorted/0x416590.cpp,?FUN_00416590@@YGXH@Z,matched,100.0
0x4165c0,103,src/unsorted/0x4165c0.cpp,?FUN_004165c0@@YGXPAVClass_004b73e0@@@Z,matched,100.0
0x416630,34,src/unsorted/0x416630.cpp,?FUN_00416630@@YGXH@Z,matched,100.0
0x416660,34,src/unsorted/0x416660.cpp,?FUN_00416660@@YGXH@Z,matched,100.0
0x416690,41,src/unsorted/0x416690.cpp,?FUN_00416690@@YGXH@Z,matched,100.0
0x4166c0,66,src/unsorted/0x4166c0.cpp,?FUN_004166c0@@YGXPAVClass_004b73e0@@@Z,matched,100.0
0x416710,19,src/unsorted/0x416710.cpp,?FUN_00416710@@YGXH@Z,matched,100.0
0x416730,74,src/unsorted/0x416730.cpp,?FUN_00416730@@YGXPAVClass_004b73e0@@@Z,matched,100.0
0x416780,108,src/unsorted/0x416780.cpp,?FUN_00416780@@YGXPAVClass_004b73e0@@@Z,matched,100.0
0x4167f0,32,src/unsorted/0x4167f0.cpp,?FUN_004167f0@@YGXPAVClass_004b73e0@@@Z,matched,100.0
0x416810,16,src/unsorted/0x416810.cpp,?FUN_00416810@@YGXH@Z,matched,100.0
0x416820,61,src/unsorted/0x416820.cpp,?FUN_00416820@@YGXH@Z,matched,100.0
0x416860,100,src/unsorted/0x416860.cpp,?FUN_00416860@@YGXPAVClass_004b73e0@@@Z,matched,100.0
0x4169d0,92,src/unsorted/0x4169d0.cpp,?FUN_004169d0@@YGXPAVClass_004b73e0@@@Z,matched,100.0
0x416a30,86,src/unsorted/0x416a30.cpp,?FUN_00416a30@@YGXPAVClass_004b73e0@@@Z,matched,100.0
0x416a90,28,src/unsorted/0x416a90.cpp,?FUN_00416a90@@YGXPAVClass_004b73e0@@@Z,matched,100.0
0x416ab0,146,src/unsorted/0x416ab0.cpp,?FUN_00416ab0@@YGXPAVClass_004b73e0@@@Z,matched,100.0
0x416b50,123,src/unsorted/0x416b50.cpp,?FUN_00416b50@@YGXPAVClass_004b73e0@@@Z,matched,100.0
0x416cf0,33,src/unsorted/0x416cf0.cpp,?FUN_00416cf0@@YGXPAX@Z,matched,100.0
0x416d20,33,src/unsorted/0x416d20.cpp,?FUN_00416d20@@YGXPAX@Z,matched,100.0
0x416d50,46,src/unsorted/0x416d50.cpp,?FUN_00416d50@@YGXH@Z,matched,100.0
0x416d80,46,src/unsorted/0x416d80.cpp,?FUN_00416d80@@YGXH@Z,matched,100.0
0x416db0,66,src/unsorted/0x416db0.cpp,?FUN_00416db0@@YGXPAVClass_004b7410@@@Z,matched,100.0
0x416e00,34,src/unsorted/0x416e00.cpp,?FUN_00416e00@@YGXH@Z,matched,100.0
0x416e30,34,src/unsorted/0x416e30.cpp,?FUN_00416e30@@YGXH@Z,matched,100.0
0x416e60,34,src/unsorted/0x416e60.cpp,?FUN_00416e60@@YGXH@Z,matched,100.0
0x417030,37,src/unsorted/0x417030.cpp,?FUN_00417030@@YGXH@Z,matched,100.0
0x417060,37,src/unsorted/0x417060.cpp,?FUN_00417060@@YGXH@Z,matched,100.0
0x417090,37,src/unsorted/0x417090.cpp,?FUN_00417090@@YGXH@Z,matched,100.0
0x4170c0,99,src/unsorted/0x4170c0.cpp,?FUN_004170c0@@YGXPAVClass_004b73e0@@@Z,matched,100.0
0x417130,20,src/unsorted/0x417130.cpp,?FUN_00417130@@YGXH@Z,matched,100.0
0x417150,157,src/unsorted/0x417150.cpp,?FUN_00417150@@YGXPAVClass_004b73e0@@@Z,matched,100.0
0x4171f0,157,src/unsorted/0x4171f0.cpp,?FUN_004171f0@@YGXPAVClass_004b73e0@@@Z,matched,100.0
0x417290,71,src/unsorted/0x417290.cpp,?FUN_00417290@@YGXPAVClass_004b73e0@@@Z,matched,100.0
0x4172e0,21,src/unsorted/0x4172e0.cpp,?FUN_004172e0@@YGXH@Z,matched,100.0
0x417300,39,src/unsorted/0x417300.cpp,?FUN_00417300@@YGXH@Z,matched,100.0
0x4173e0,77,src/unsorted/0x4173e0.cpp,?FUN_004173e0@@YGXPAVClass_004b73e0@@@Z,matched,100.0
0x417430,89,src/unsorted/0x417430.cpp,?FUN_00417430@@YGXPAVClass_004b73c0@@@Z,matched,100.0
0x417490,55,src/unsorted/0x417490.cpp,?FUN_00417490@@YGXPAVClass_004b73c0@@@Z,matched,100.0
0x4174d0,8,src/unsorted/0x4174d0.cpp,?FUN_004174d0@@YGXH@Z,matched,100.0
0x4174e0,62,src/unsorted/0x4174e0.cpp,?FUN_004174e0@@YGXH@Z,matched,100.0
0x417520,27,src/unsorted/0x417520.cpp,?FUN_00417520@@YGXPAX@Z,matched,100.0
0x417540,38,src/unsorted/0x417540.cpp,?FUN_00417540@@YGXPAX@Z,matched,100.0
0x417570,103,src/unsorted/0x417570.cpp,?FUN_00417570@@YGXH@Z,matched,100.0
0x4175e0,30,src/unsorted/0x4175e0.cpp,?FUN_004175e0@@YGXPAX@Z,matched,100.0
0x417760,50,src/unsorted/0x417760.cpp,?FUN_00417760@@YGXPAVClass_004b73e0@@@Z,matched,100.0
0x4177a0,52,src/unsorted/0x4177a0.cpp,?FUN_004177a0@@YGXPAVClass_004b73e0@@@Z,matched,100.0
0x417a60,232,src/unsorted/0x417a60.cpp,?FUN_00417a60@@YGXPAVClass_004b73e0@@@Z,matched,100.0
0x417b50,90,src/unsorted/0x417b50.cpp,?FUN_00417b50@@YGXPADH@Z,matched,100.0
0x417bb0,78,src/unsorted/0x417bb0.cpp,?FUN_00417bb0@@YGXPAUPos_00417bb0@@PAH1@Z,matched,100.0
0x417c00,106,src/unsorted/0x417c00.cpp,?FUN_00417c00@@YGXHHPAH0@Z,matched,100.0
0x417f30,35,src/unsorted/0x417f30.cpp,?FUN_00417f30@@YGXHPAPAPAVIface_00417f30@@@Z,matched,100.0
0x418c70,48,src/unsorted/0x418c70.cpp,?FUN_00418c70@@YGXPAVClass_004b73e0@@@Z,matched,100.0
0x418ca0,37,src/unsorted/0x418ca0.cpp,?FUN_00418ca0@@YGXH@Z,matched,100.0
0x419400,192,src/unsorted/0x419400.cpp,?FUN_00419400@@YGXPAVClass_004b73e0@@@Z,partial,85.7
0x4194c0,15,src/unsorted/0x4194c0.cpp,?FUN_004194c0@@YGXH@Z,matched,100.0
0x4194d0,109,src/unsorted/0x4194d0.cpp,?FUN_004194d0@@YGXH@Z,matched,100.0
0x419540,15,src/unsorted/0x419540.cpp,?FUN_00419540@@YGXH@Z,matched,100.0
0x419550,10,src/unsorted/0x419550.cpp,?FUN_00419550@@YGXH@Z,matched,100.0
0x419560,138,src/unsorted/0x419560.cpp,?FUN_00419560@@YAXXZ,matched,100.0
0x4195f0,61,src/unsorted/0x4195f0.cpp,?FUN_004195f0@@YGXPADG@Z,matched,100.0
0x419630,53,src/unsorted/0x419630.cpp,?FUN_00419630@@YGHPAUEntry_0045ba60@@PADH@Z,matched,100.0
0x419940,98,src/unsorted/0x419940.cpp,?FUN_00419940@@YGXPAUObject_00419940@@GH@Z,matched,100.0
0x419ac0,64,src/unsorted/0x419ac0.cpp,?FUN_00419ac0@@YGXPAUUnit_00419ac0@@@Z,matched,100.0
0x419bc0,30,src/unsorted/0x419bc0.cpp,?FUN_00419bc0@@YGXE@Z,matched,100.0
0x41ac90,74,src/unsorted/0x41ac90.cpp,?FUN_0041ac90@@YGXPAUObj_41ac90@@@Z,matched,100.0
0x41b200,34,src/unsorted/0x41b200.cpp,?FUN_0041b200@@YGHPAUObj_0041b200@@@Z,matched,100.0
0x41b230,109,src/unsorted/0x41b230.cpp,?FUN_0041b230@@YGXPADGH@Z,matched,100.0
0x41b2a0,56,src/unsorted/0x41b2a0.cpp,?FUN_0041b2a0@@YAPAUUnit_0041b2a0@@XZ,matched,100.0
0x41bcd0,51,src/unsorted/0x41bcd0.cpp,?FUN_0041bcd0@@YGXPAUObj_41bcd0@@H@Z,matched,100.0
0x41bd10,203,src/unsorted/0x41bd10.cpp,?FUN_0041bd10@@YGHPAUObj_0041bd10@@PAUUnit_0041bd10@@M@Z,matched,100.0
0x41c110,52,src/unsorted/0x41c110.cpp,?FUN_0041c110@@YGXPAUUnit_0041c110@@@Z,matched,100.0
0x41c150,40,src/unsorted/0x41c150.cpp,?FUN_0041c150@@YGXPAX@Z,matched,100.0
0x41c2b0,43,src/unsorted/0x41c2b0.cpp,?FUN_0041c2b0@@YAXXZ,matched,100.0
0x41c2e0,38,src/unsorted/0x41c2e0.cpp,?FUN_0041c2e0@@YGXH@Z,matched,100.0
0x41c310,118,src/unsorted/0x41c310.cpp,?FUN_0041c310@@YAXXZ,matched,100.0
0x41c390,40,src/unsorted/0x41c390.cpp,?FUN_0041c390@@YAXXZ,matched,100.0
0x41c3c0,137,src/unsorted/0x41c3c0.cpp,?FUN_0041c3c0@@YAXXZ,matched,100.0
0x41c450,105,src/unsorted/0x41c450.cpp,?FUN_0041c450@@YAXXZ,matched,100.0
0x41c5e0,96,src/unsorted/0x41c5e0.cpp,?FUN_0041c5e0@@YGXHHH@Z,matched,100.0
0x41c640,170,src/unsorted/0x41c640.cpp,?FUN_0041c640@@YGXHHH@Z,matched,100.0
0x41cd20,37,src/unsorted/0x41cd20.cpp,?FUN_0041cd20@@YAXXZ,matched,100.0
0x41d360,70,src/unsorted/0x41d360.cpp,?FUN_0041d360@@YGXPAVClass_004b4560@@@Z,matched,100.0
0x41d3b0,59,src/unsorted/0x41d3b0.cpp,?FUN_0041d3b0@@YGXH@Z,matched,100.0
0x41d3f0,161,src/unsorted/0x41d3f0.cpp,?FUN_0041d3f0@@YGXH@Z,matched,100.0
0x41d4a0,12,src/unsorted/0x41d4a0.cpp,?FUN_0041d4a0@@YGXH@Z,matched,100.0
0x41d4b0,12,src/unsorted/0x41d4b0.cpp,?FUN_0041d4b0@@YGXH@Z,matched,100.0
0x41d8a0,6,src/unsorted/0x41d8a0.cpp,?FUN_0041d8a0@@YAHXZ,matched,100.0
0x41d8b0,6,src/unsorted/0x41d8b0.cpp,?FUN_0041d8b0@@YAHXZ,matched,100.0
0x41d8c0,81,src/unsorted/0x41d8c0.cpp,?FUN_0041d8c0@@YGPAXI@Z,matched,100.0
0x41d920,203,src/unsorted/0x41d920.cpp,?FUN_0041d920@@YAXXZ,matched,100.0
0x41d9f0,24,src/unsorted/0x41d9f0.cpp,?FUN_0041d9f0@@YGXI@Z,matched,100.0
0x41da10,26,src/unsorted/0x41da10.cpp,?FUN_0041da10@@YGXHHH@Z,matched,100.0
0x41da30,40,src/unsorted/0x41da30.cpp,?FUN_0041da30@@YAXXZ,matched,100.0
0x41dee0,50,src/unsorted/0x41dee0.cpp,?FUN_0041dee0@@YAXXZ,matched,100.0
0x41df20,150,src/unsorted/0x41df20.cpp,?FUN_0041df20@@YAXXZ,matched,100.0
0x41e240,19,src/unsorted/0x41e240.cpp,?FUN_0041e240@@YAXXZ,matched,100.0
0x41e260,12,src/unsorted/0x41e260.cpp,?FUN_0041e260@@YAHXZ,matched,100.0
0x41ea30,97,src/unsorted/0x41ea30.cpp,?FUN_0041ea30@@YAHXZ,matched,100.0
0x41eaa0,192,src/unsorted/0x41eaa0.cpp,?FUN_0041eaa0@@YGPADPAD0H@Z,matched,100.0
0x41f040,96,src/unsorted/0x41f040.cpp,?FUN_0041f040@@YAHXZ,matched,100.0
0x41f5c0,99,src/unsorted/0x41f5c0.cpp,?FUN_0041f5c0@@YGXPAD@Z,matched,100.0
0x41f630,78,src/unsorted/0x41f630.cpp,?FUN_0041f630@@YAXXZ,matched,100.0
0x41f680,116,src/unsorted/0x41f680.cpp,?FUN_0041f680@@YGXPAUGadget_41f680@@@Z,matched,100.0
0x41f700,81,src/unsorted/0x41f700.cpp,?FUN_0041f700@@YAXXZ,matched,100.0
0x41f760,131,src/unsorted/0x41f760.cpp,?FUN_0041f760@@YAHXZ,matched,100.0
0x4205f0,24,src/unsorted/0x4205f0.cpp,?FUN_004205f0@@YAXXZ,matched,100.0
0x420610,10,src/unsorted/0x420610.cpp,?FUN_00420610@@YAXXZ,matched,100.0
0x420920,64,src/unsorted/0x420920.cpp,?FUN_00420920@@YAPAUSlot_00420920@@XZ,matched,100.0
0x420cb0,99,src/unsorted/0x420cb0.cpp,?FUN_00420cb0@@YGPAUCalcedExplosion@@HHH@Z,matched,100.0
0x421150,28,src/unsorted/0x421150.cpp,?FUN_00421150@@YAHXZ,matched,100.0
0x421170,37,src/unsorted/0x421170.cpp,?FUN_00421170@@YAXXZ,matched,100.0
0x4211a0,46,src/unsorted/0x4211a0.cpp,?FUN_004211a0@@YGXH@Z,matched,100.0
0x421e60,67,src/unsorted/0x421e60.cpp,?FUN_00421e60@@YGGPAUCell_00421e60@@@Z,matched,100.0
0x421eb0,108,src/unsorted/0x421eb0.cpp,?FUN_00421eb0@@YG?AUPos_00421eb0@@PAUCell_00421eb0@@PAUFeatureDef_00421eb0@@@Z,matched,100.0
0x4222b0,38,src/unsorted/0x4222b0.cpp,?FUN_004222b0@@YGPAXPAXHPAD@Z,matched,100.0
0x4223e0,127,src/unsorted/0x4223e0.cpp,?FUN_004223e0@@YAXXZ,partial,48.3
0x422460,74,src/unsorted/0x422460.cpp,?FUN_00422460@@YGPAVClass_004c3e10@@PAD@Z,matched,100.0
0x422dd0,97,src/unsorted/0x422dd0.cpp,?FUN_00422dd0@@YGFPAD@Z,matched,100.0
0x422e40,95,src/unsorted/0x422e40.cpp,?FUN_00422e40@@YGGPAD@Z,matched,100.0
0x4232a0,68,src/unsorted/0x4232a0.cpp,?FUN_004232a0@@YAHXZ,matched,100.0
0x423bf0,88,src/unsorted/0x423bf0.cpp,?FUN_00423bf0@@YGXPAUObj_00423bf0@@@Z,matched,100.0
0x424840,78,src/unsorted/0x424840.cpp,?FUN_00424840@@YAXXZ,matched,100.0
0x4251e0,3,src/unsorted/0x4251e0.cpp,?FUN_004251e0@@YGXHH@Z,matched,100.0
0x4251f0,18,src/unsorted/0x4251f0.cpp,?FUN_004251f0@Class_004251f0@@QAEHXZ,matched,100.0
0x425430,52,src/unsorted/0x425430.cpp,?erase@?$vector@UElem_00425430@@V?$allocator@UElem_00425430@@@std@@@std@@QAEPAUElem_00425430@@PAU3@0@Z,matched,100.0
0x425470,3,src/unsorted/0x425470.cpp,?_Destroy@?$vector@UElem_00425430@@V?$allocator@UElem_00425430@@@std@@@std@@IAEXPAUElem_00425430@@0@Z,matched,100.0
0x4256a0,44,src/unsorted/0x4256a0.cpp,?FUN_004256a0@@YGPAGPAG00@Z,matched,100.0
0x4256d0,90,src/unsorted/0x4256d0.cpp,?FUN_004256d0@@YGXHPAD@Z,matched,100.0
0x425730,26,src/unsorted/0x425730.cpp,?FUN_00425730@@YGXPAD@Z,matched,100.0
0x425750,66,src/unsorted/0x425750.cpp,?FUN_00425750@@YAXXZ,matched,100.0
0x4257a0,31,src/unsorted/0x4257a0.cpp,?FUN_004257a0@@YAXXZ,matched,100.0
0x4257c0,19,src/unsorted/0x4257c0.cpp,?FUN_004257c0@@YAXXZ,matched,100.0
0x4257e0,121,src/unsorted/0x4257e0.cpp,?FUN_004257e0@@YGXDHPAD@Z,matched,100.0
0x425930,128,src/unsorted/0x425930.cpp,?FUN_00425930@@YAXXZ,matched,100.0
0x425b60,32,src/unsorted/0x425b60.cpp,?FUN_00425b60@@YAXXZ,matched,100.0
0x426190,100,src/unsorted/0x426190.cpp,?FUN_00426190@@YGXPAUGadget_00426190@@@Z,matched,100.0
0x428730,116,src/unsorted/0x428730.cpp,?FUN_00428730@@YAXXZ,matched,100.0
0x4287b0,17,src/unsorted/0x4287b0.cpp,?FUN_004287b0@@YAXXZ,matched,100.0
0x4287d0,116,src/unsorted/0x4287d0.cpp,?FUN_004287d0@@YGPAHPBD@Z,matched,100.0
0x428850,116,src/unsorted/0x428850.cpp,?FUN_00428850@@YGHPAD@Z,matched,100.0
0x428b60,66,src/unsorted/0x428b60.cpp,?FUN_00428b60@@YAXXZ,matched,100.0
0x428bb0,1,src/unsorted/0x428bb0.cpp,?FUN_00428bb0@@YAXXZ,matched,100.0
0x428bc0,3,src/unsorted/0x428bc0.cpp,?FUN_00428bc0@@YAHXZ,matched,100.0
0x428bd0,1,src/unsorted/0x428bd0.cpp,?FUN_00428bd0@@YAXXZ,matched,100.0
0x428be0,1,src/unsorted/0x428be0.cpp,?FUN_00428be0@@YAXXZ,matched,100.0
0x428bf0,1,src/unsorted/0x428bf0.cpp,?FUN_00428bf0@@YAXXZ,matched,100.0
0x428c00,6,src/unsorted/0x428c00.cpp,?FUN_00428c00@@YAHXZ,matched,100.0
0x428c10,6,src/unsorted/0x428c10.cpp,?FUN_00428c10@@YAHXZ,matched,100.0
0x428c20,6,src/unsorted/0x428c20.cpp,?FUN_00428c20@@YAHXZ,matched,100.0
0x428c30,1,src/unsorted/0x428c30.cpp,?FUN_00428c30@@YAXXZ,matched,100.0
0x428c40,1,src/unsorted/0x428c40.cpp,?FUN_00428c40@@YAXXZ,matched,100.0
0x428c50,1,src/unsorted/0x428c50.cpp,?FUN_00428c50@@YAXXZ,matched,100.0
0x428c60,47,src/unsorted/0x428c60.cpp,??0Class_00428c90@@QAE@XZ,matched,100.0
0x428c90,57,src/unsorted/0x428c90.cpp,?FUN_00428c90@Class_00428c90@@QAEXPADH@Z,matched,100.0
0x428cd0,63,src/unsorted/0x428cd0.cpp,?FUN_00428cd0@Class_00428c90@@QAEHXZ,matched,100.0
0x428f40,22,src/unsorted/0x428f40.cpp,?FUN_00428f40@Class_00428f40@@QAE_NPAD@Z,matched,100.0
0x428f60,86,src/unsorted/0x428f60.cpp,?FUN_00428f60@Class_00428f60@@QAEXPAD@Z,matched,100.0
0x428fc0,21,src/unsorted/0x428fc0.cpp,?FUN_00428fc0@@YAXXZ,matched,100.0
0x428fe0,21,src/unsorted/0x428fe0.cpp,?FUN_00428fe0@@YAXXZ,matched,100.0
0x429290,78,src/unsorted/0x429290.cpp,?FUN_00429290@@YGPAXPBDH@Z,matched,100.0
0x4292e0,72,src/unsorted/0x4292e0.cpp,?FUN_004292e0@@YGPAXPBD@Z,matched,100.0
0x429660,151,src/unsorted/0x429660.cpp,?FUN_00429660@@YGPADPAD@Z,matched,100.0
0x429850,18,src/unsorted/0x429850.cpp,?FUN_00429850@@YGXHPAD@Z,matched,100.0
0x42a0e0,89,src/unsorted/0x42a0e0.cpp,?FUN_0042a0e0@@YGXPAX@Z,matched,100.0
0x42a2c0,88,src/unsorted/0x42a2c0.cpp,?FUN_0042a2c0@@YGPAXPBD@Z,matched,100.0
0x42a320,144,src/unsorted/0x42a320.cpp,?FUN_0042a320@@YAXXZ,matched,100.0
0x42a3b0,73,src/unsorted/0x42a3b0.cpp,?FUN_0042a3b0@@YAXXZ,matched,100.0
0x42a400,50,src/unsorted/0x42a400.cpp,?FUN_0042a400@@YAHXZ,matched,100.0
0x42a570,159,src/unsorted/0x42a570.cpp,?FUN_0042a570@@YAXXZ,matched,100.0
0x42a870,95,src/unsorted/0x42a870.cpp,??_EClass_004c2ea0@@QAEPAXI@Z,matched,100.0
0x42bcc0,77,src/unsorted/0x42bcc0.cpp,?FUN_0042bcc0@@YAXXZ,matched,100.0
0x42bd10,46,src/unsorted/0x42bd10.cpp,?FUN_0042bd10@@YAXXZ,matched,100.0
0x42db60,36,src/unsorted/0x42db60.cpp,?FUN_0042db60@@YGHPBD0@Z,matched,100.0
0x42e120,21,src/unsorted/0x42e120.cpp,?FUN_0042e120@@YAXXZ,matched,100.0
0x42e140,144,src/unsorted/0x42e140.cpp,?FUN_0042e140@@YGPAIPAX@Z,matched,100.0
0x42e1d0,144,src/unsorted/0x42e1d0.cpp,?FUN_0042e1d0@@YGPAIPAX@Z,matched,100.0
0x42e260,144,src/unsorted/0x42e260.cpp,?FUN_0042e260@@YGPAIPAX@Z,matched,100.0
0x42e2f0,13,src/unsorted/0x42e2f0.cpp,?FUN_0042e2f0@@YGXI@Z,matched,100.0
0x42e300,13,src/unsorted/0x42e300.cpp,?FUN_0042e300@@YGXI@Z,matched,100.0
0x42f740,149,src/unsorted/0x42f740.cpp,?FUN_0042f740@@YAXXZ,matched,100.0
0x42f8c0,62,src/unsorted/0x42f8c0.cpp,?FUN_0042f8c0@@YAXXZ,matched,100.0
0x42f900,3,src/unsorted/0x42f900.cpp,?FUN_0042f900@@YGXH@Z,matched,100.0
0x42f910,65,src/unsorted/0x42f910.cpp,?FUN_0042f910@@YGXPAE@Z,matched,100.0
0x42f960,28,src/unsorted/0x42f960.cpp,?FUN_0042f960@@YGXPAX0H@Z,matched,100.0
0x42f980,28,src/unsorted/0x42f980.cpp,?FUN_0042f980@@YGHPBDPAXPAI@Z,matched,100.0
0x4318c0,94,src/unsorted/0x4318c0.cpp,?FUN_004318c0@@YAXXZ,matched,100.0
0x431920,37,src/unsorted/0x431920.cpp,?FUN_00431920@@YAXXZ,matched,100.0
0x431a20,59,src/unsorted/0x431a20.cpp,?FUN_00431a20@@YAXXZ,matched,100.0
0x432520,102,src/unsorted/0x432520.cpp,?FUN_00432520@@YGPAVClass_004b3620@@PAD@Z,matched,100.0
0x432590,29,src/unsorted/0x432590.cpp,?FUN_00432590@@YGXPAVClass_004b3630@@@Z,matched,100.0
0x4325b0,84,src/unsorted/0x4325b0.cpp,?FUN_004325b0@@YGPAVClass_004b3620@@PAD@Z,matched,100.0
0x432610,148,src/unsorted/0x432610.cpp,?FUN_00432610@@YGHPAVClass_004b4560@@@Z,matched,100.0
0x432a80,120,src/unsorted/0x432a80.cpp,?FUN_00432a80@@YGXHPAD@Z,matched,100.0
0x432b00,88,src/unsorted/0x432b00.cpp,?FUN_00432b00@@YGXHPAD@Z,matched,100.0
0x432b60,31,src/unsorted/0x432b60.cpp,?FUN_00432b60@@YAXXZ,matched,100.0
0x432b80,28,src/unsorted/0x432b80.cpp,?FUN_00432b80@@YAXXZ,matched,100.0
0x432ba0,56,src/unsorted/0x432ba0.cpp,??1?$vector@UElem_00432be0@@V?$allocator@UElem_00432be0@@@std@@@std@@QAE@XZ,matched,100.0
0x432be0,19,src/unsorted/0x432be0.cpp,?size@?$vector@UElem_00432be0@@V?$allocator@UElem_00432be0@@@std@@@std@@QBEIXZ,matched,100.0
0x432c00,30,src/unsorted/0x432c00.cpp,?FUN_00432c00@Class_00432c00@@QAEPAXE@Z,matched,100.0
0x432c20,30,src/unsorted/0x432c20.cpp,?FUN_00432c20@Class_00432c20@@QAEPAXE@Z,matched,100.0
0x432c40,55,src/unsorted/0x432c40.cpp,?_Ucopy@?$vector@UEntry_00432cf0@@V?$allocator@UEntry_00432cf0@@@std@@@std@@IAEPAUEntry_00432cf0@@PBU3@0PAU3@@Z,matched,100.0
0x432c80,46,src/unsorted/0x432c80.cpp,?FUN_00432c80@@YGXPAUElem_432cb0@@00@Z,matched,100.0
0x432cb0,51,src/unsorted/0x432cb0.cpp,?FUN_00432cb0@@YGPAUElem_432cb0@@PAU1@00@Z,matched,100.0
0x432cf0,33,src/unsorted/0x432cf0.cpp,?construct@?$allocator@UEntry_00432cf0@@@std@@QAEXPAUEntry_00432cf0@@ABU3@@Z,matched,100.0
0x432d20,27,src/unsorted/0x432d20.cpp,?FUN_00432d20@Class_004c93b0@@QAEPAXPAH@Z,matched,100.0
0x4330b0,119,src/unsorted/0x4330b0.cpp,?FUN_004330b0@Class_004330b0@@QAEXXZ,matched,100.0
0x433500,19,src/unsorted/0x433500.cpp,?FUN_00433500@Class_00433500@@QAEPAV?$vector@UElem_00434020@@V?$allocator@UElem_00434020@@@std@@@std@@H@Z,matched,100.0
0x433520,19,src/unsorted/0x433520.cpp,?FUN_00433520@Class_00433520@@QAEHXZ,matched,100.0
0x433540,119,src/unsorted/0x433540.cpp,?FUN_00433540@Class_00433540@@QAEXXZ,matched,100.0
0x4335c0,19,src/unsorted/0x4335c0.cpp,?FUN_004335c0@Class_004335c0@@QAEHXZ,matched,100.0
0x4335e0,16,src/unsorted/0x4335e0.cpp,?FUN_004335e0@Class_4335e0@@QAEHF@Z,matched,100.0
0x4336c0,34,src/unsorted/0x4336c0.cpp,??1?$vector@UElem_004336c0@@V?$allocator@UElem_004336c0@@@std@@@std@@QAE@XZ,matched,100.0
0x4339c0,19,src/unsorted/0x4339c0.cpp,?FUN_004339c0@Class_004339c0@@QAEHXZ,matched,100.0
0x4339e0,36,src/unsorted/0x4339e0.cpp,?FUN_004339e0@Class_004339e0@@QAEXFPAG0@Z,matched,100.0
0x433a10,24,src/unsorted/0x433a10.cpp,??0Class_00433a10@@QAE@PAE@Z,matched,100.0
0x433a30,34,src/unsorted/0x433a30.cpp,??1?$vector@UElem_00434020@@V?$allocator@UElem_00434020@@@std@@@std@@QAE@XZ,matched,100.0
0x433a60,19,src/unsorted/0x433a60.cpp,?size@?$vector@UElem_00433d50@@V?$allocator@UElem_00433d50@@@std@@@std@@QBEIXZ,matched,100.0
0x433a80,117,src/unsorted/0x433a80.cpp,??1?$vector@V?$vector@UElem_00434020@@V?$allocator@UElem_00434020@@@std@@@std@@V?$allocator@V?$vector@UElem_00434020@@V?$allocator@UElem_00434020@@@std@@@std@@@2@@std@@QAE@XZ,matched,100.0
0x433b00,19,src/unsorted/0x433b00.cpp,?size@?$vector@V?$vector@UElem_00434020@@V?$allocator@UElem_00434020@@@std@@@std@@V?$allocator@V?$vector@UElem_00434020@@V?$allocator@UElem_00434020@@@std@@@std@@@2@@std@@QBEIXZ,matched,100.0
0x433d50,50,src/unsorted/0x433d50.cpp,?erase@?$vector@UElem_00433d50@@V?$allocator@UElem_00433d50@@@std@@@std@@QAEPAUElem_00433d50@@PAU3@0@Z,matched,100.0
0x433d90,3,src/unsorted/0x433d90.cpp,?_Destroy@?$vector@UElem_00433d50@@V?$allocator@UElem_00433d50@@@std@@@std@@IAEXPAUElem_00433d50@@0@Z,matched,100.0
0x433da0,16,src/unsorted/0x433da0.cpp,?deallocate@?$allocator@UElem_00433d50@@@std@@QAEXPAXI@Z,matched,100.0
0x434020,134,src/unsorted/0x434020.cpp,?erase@?$vector@V?$vector@UElem_00434020@@V?$allocator@UElem_00434020@@@std@@@std@@V?$allocator@V?$vector@UElem_00434020@@V?$allocator@UElem_00434020@@@std@@@std@@@2@@std@@QAEPAV?$vector@UElem_00434020@@V?$allocator@UElem_00434020@@@std@@@2@PAV32@0@Z,matched,100.0
0x4340b0,55,src/unsorted/0x4340b0.cpp,?_Destroy@?$vector@V?$vector@UElem_004340b0@@V?$allocator@UElem_004340b0@@@std@@@std@@V?$allocator@V?$vector@UElem_004340b0@@V?$allocator@UElem_004340b0@@@std@@@std@@@2@@std@@IAEXPAV?$vector@UElem_004340b0@@V?$allocator@UElem_004340b0@@@std@@@2@0@Z,matched,100.0
0x434360,134,src/unsorted/0x434360.cpp,?erase@?$vector@V?$vector@UElem_00434360@@V?$allocator@UElem_00434360@@@std@@@std@@V?$allocator@V?$vector@UElem_00434360@@V?$allocator@UElem_00434360@@@std@@@std@@@2@@std@@QAEPAV?$vector@UElem_00434360@@V?$allocator@UElem_00434360@@@std@@@2@PAV32@0@Z,matched,100.0
0x4343f0,3,src/unsorted/0x4343f0.cpp,?destroy@?$allocator@UElem_00434020@@@std@@QAEXPAUElem_00434020@@@Z,matched,100.0
0x434400,36,src/unsorted/0x434400.cpp,?destroy@?$allocator@V?$vector@UElem_00434020@@V?$allocator@UElem_00434020@@@std@@@std@@@std@@QAEXPAV?$vector@UElem_00434020@@V?$allocator@UElem_00434020@@@std@@@2@@Z,matched,100.0
0x434430,3,src/unsorted/0x434430.cpp,?FUN_00434430@@YGXH@Z,matched,100.0
0x434440,36,src/unsorted/0x434440.cpp,?FUN_00434440@@YGXPAV?$vector@UElem_00434020@@V?$allocator@UElem_00434020@@@std@@@std@@@Z,matched,100.0
0x434470,97,src/unsorted/0x434470.cpp,??0?$vector@UElem_00434020@@V?$allocator@UElem_00434020@@@std@@@std@@QAE@ABV01@@Z,matched,100.0
0x4345c0,19,src/unsorted/0x4345c0.cpp,?FUN_004345c0@@YGXPAH0@Z,matched,100.0
0x4349c0,46,src/unsorted/0x4349c0.cpp,?_Ucopy@?$vector@UElem_004349c0@@V?$allocator@UElem_004349c0@@@std@@@std@@IAEPAUElem_004349c0@@PBU3@0PAU3@@Z,matched,100.0
0x4349f0,55,src/unsorted/0x4349f0.cpp,??_GElem_00434360@@QAEPAXI@Z,matched,100.0
0x434a30,42,src/unsorted/0x434a30.cpp,_$E5,matched,100.0
0x434a60,67,src/unsorted/0x434a30.cpp,_$E3,matched,100.0
0x434b90,92,src/unsorted/0x434b90.cpp,?FUN_00434b90@@YAXXZ,matched,100.0
0x434f70,118,src/unsorted/0x434f70.cpp,??0Class_00434f70@@QAE@H@Z,matched,100.0
0x435100,3,src/unsorted/0x435100.cpp,?FUN_00435100@Class_00435100@@QAEHXZ,matched,100.0
0x4352b0,24,src/unsorted/0x4352b0.cpp,?FUN_004352b0@Class_004352b0@@QAEPADXZ,matched,100.0
0x4352d0,76,src/unsorted/0x4352d0.cpp,?FUN_004352d0@@YGHPAD@Z,matched,100.0
0x435320,121,src/unsorted/0x435320.cpp,?FUN_00435320@Class_00435320@@QAEXXZ,matched,100.0
0x4353a0,7,src/unsorted/0x4353a0.cpp,?FUN_004353a0@Class_004353a0@@QAEHXZ,matched,100.0
0x4353b0,118,src/unsorted/0x4353b0.cpp,?FUN_004353b0@Class_004353b0@@QAEXHPAD@Z,matched,100.0
0x4356c0,37,src/unsorted/0x4356c0.cpp,?FUN_004356c0@Class_004356c0@@QAEHH@Z,matched,100.0
0x4356f0,97,src/unsorted/0x4356f0.cpp,?FUN_004356f0@Class_004356f0@@QAEHXZ,matched,100.0
0x4358f0,7,src/unsorted/0x4358f0.cpp,?FUN_004358f0@Class_004358f0@@QAEHXZ,matched,100.0
0x435900,7,src/unsorted/0x435900.cpp,?FUN_00435900@Class_00435900@@QAEHXZ,matched,100.0
0x435910,7,src/unsorted/0x435910.cpp,?FUN_00435910@Class_00435910@@QAEHXZ,matched,100.0
0x435920,81,src/unsorted/0x435920.cpp,?FUN_00435920@Class_00435920@@QAEHXZ,matched,100.0
0x435980,147,src/unsorted/0x435980.cpp,?FUN_00435980@Class_00435980@@QAEHH@Z,matched,100.0
0x435c00,30,src/unsorted/0x435c00.cpp,?FUN_00435c00@Class_00435c00@@QAEXH@Z,matched,100.0
0x435c20,7,src/unsorted/0x435c20.cpp,?FUN_00435c20@Class_00435c20@@QAEHXZ,matched,100.0
0x435c30,7,src/unsorted/0x435c30.cpp,?FUN_00435c30@Class_00435c30@@QAEHXZ,matched,100.0
0x435c40,14,src/unsorted/0x435c40.cpp,?FUN_00435c40@Class_00435c40@@QAE_NXZ,matched,100.0
0x435c50,7,src/unsorted/0x435c50.cpp,?FUN_00435c50@Class_00435c50@@QAEHXZ,matched,100.0
0x435d30,100,src/unsorted/0x435d30.cpp,?FUN_00435d30@Class_00435d30@@QAEXH@Z,matched,100.0
0x437280,127,src/unsorted/0x437280.cpp,?FUN_00437280@Class_00437280@@QAEXXZ,matched,100.0
0x437300,31,src/unsorted/0x437300.cpp,?FUN_00437300@Class_00437300@@QAEHXZ,matched,100.0
0x437320,116,src/unsorted/0x437320.cpp,?FUN_00437320@Class_00437320@@QAEHPAUVec3_00437320@@H@Z,matched,100.0
0x437800,27,src/unsorted/0x437800.cpp,??0Class_00437800@@QAE@PAH@Z,matched,100.0
0x437820,27,src/unsorted/0x437820.cpp,??0Class_00437820@@QAE@ABV0@@Z,matched,100.0
0x437910,131,src/unsorted/0x437910.cpp,?FUN_00437910@@YGXPAUUnit_00437910@@@Z,matched,100.0
0x4379a0,11,src/unsorted/0x4379a0.cpp,?FUN_004379a0@Class_004379a0@@QAEPAV1@XZ,matched,100.0
0x4379b0,77,src/unsorted/0x4379b0.cpp,?FUN_004379b0@Class_004379b0@@QAEHI@Z,matched,100.0
0x437a00,28,src/unsorted/0x437a00.cpp,?FUN_00437a00@Class_00437a00@@QAEXXZ,matched,100.0
0x437a20,13,src/unsorted/0x437a20.cpp,?FUN_00437a20@Class_00437a20@@QAEXXZ,matched,100.0
0x437b30,17,src/unsorted/0x437b30.cpp,?FUN_00437b30@@YGHH@Z,matched,100.0
0x437b50,133,src/unsorted/0x437b50.cpp,?FUN_00437b50@Class_00437a30@@QAEHPAPAUBitmap_00437b50@@HH@Z,matched,100.0
0x437be0,158,src/unsorted/0x437be0.cpp,?FUN_00437be0@Class_00437a30@@QAEHPAPAUBitmap_00437be0@@HH@Z,matched,100.0
0x437c80,16,src/unsorted/0x437c80.cpp,?FUN_00437c80@Class_00437c80@@QAEXXZ,matched,100.0
0x437c90,50,src/unsorted/0x437c90.cpp,?FUN_00437c90@Class_00437c90@@QAEXH@Z,matched,100.0
0x437cd0,86,src/unsorted/0x437cd0.cpp,?FUN_00437cd0@@YAXXZ,matched,100.0
0x437d30,1,src/unsorted/0x437d30.cpp,?FUN_00437d30@@YAXXZ,matched,100.0
0x437d40,11,src/unsorted/0x437d40.cpp,?FUN_00437d40@@YAXXZ,matched,100.0
0x437d50,11,src/unsorted/0x437d50.cpp,?FUN_00437d50@@YAXXZ,matched,100.0
0x437d60,113,src/unsorted/0x437d60.cpp,?FUN_00437d60@@YGXPAUParams_00437d60@@@Z,matched,100.0
0x438070,260,src/unsorted/0x438070.cpp,?FUN_00438070@@YAXXZ,matched,100.0
0x438450,42,src/unsorted/0x438450.cpp,_$E4,matched,100.0
0x438480,32,src/unsorted/0x438480.cpp,_$E2,matched,100.0
0x438590,93,src/unsorted/0x438590.cpp,?FUN_00438590@@YGXPAUObject_00438590@@PAUTarget_00438590@@G@Z,matched,100.0
0x4385f0,88,src/unsorted/0x4385f0.cpp,?FUN_004385f0@@YGXPAUObject_004385f0@@PAUTarget_004385f0@@@Z,matched,100.0
0x438650,161,src/unsorted/0x438650.cpp,?FUN_00438650@@YGHPAUUnit_00438650@@0H@Z,partial,87.6
0x438700,39,src/unsorted/0x438700.cpp,?FUN_00438700@@YGIPAX0I@Z,matched,100.0
0x438730,42,src/unsorted/0x438730.cpp,?FUN_00438730@@YGHPAD0I@Z,matched,100.0
0x438830,19,src/unsorted/0x438830.cpp,?FUN_00438830@Class_00438830@@QAEHXZ,matched,100.0
0x438850,19,src/unsorted/0x438850.cpp,?FUN_00438850@@YIHPAE@Z,matched,100.0
0x438870,15,src/unsorted/0x438870.cpp,?FUN_00438870@Class_00438870@@QAEXI@Z,matched,100.0
0x438880,33,src/unsorted/0x438880.cpp,?FUN_00438880@Class_00438880@@QAEXPAD@Z,matched,100.0
0x4388b0,21,src/unsorted/0x4388b0.cpp,?FUN_004388b0@Class_004388b0@@QAEXXZ,matched,100.0
0x4388d0,89,src/unsorted/0x4388d0.cpp,?FUN_004388d0@Class_004388d0@@QAEXPAVAttached_004388d0@@@Z,matched,100.0
0x438b90,69,src/unsorted/0x438b90.cpp,?FUN_00438b90@Class_00438b90@@QAEXH@Z,matched,100.0
0x438be0,27,src/unsorted/0x438be0.cpp,?FUN_00438be0@@YGHPAX@Z,matched,100.0
0x439cf0,40,src/unsorted/0x439cf0.cpp,?FUN_00439cf0@@YGHPAX@Z,matched,100.0
0x439d20,81,src/unsorted/0x439d20.cpp,?FUN_00439d20@@YGHPAUOwner_439d20@@@Z,matched,100.0
0x439d80,76,src/unsorted/0x439d80.cpp,?FUN_00439d80@@YGHPAUOwner_439d80@@H@Z,matched,100.0
0x439dd0,26,src/unsorted/0x439dd0.cpp,?FUN_00439dd0@@YGHH@Z,matched,100.0
0x439df0,51,src/unsorted/0x439df0.cpp,?FUN_00439df0@@YGHPAUObj@@@Z,matched,100.0
0x439e30,70,src/unsorted/0x439e30.cpp,?FUN_00439e30@@YGPAUNode_00439e30@@PAUObj_00439e30@@E@Z,matched,100.0
0x439e80,32,src/unsorted/0x439e80.cpp,?FUN_00439e80@Class_00439e80@@QAEXH@Z,matched,100.0
0x439ea0,8,src/unsorted/0x439ea0.cpp,?FUN_00439ea0@@YGHHHH@Z,matched,100.0
0x439eb0,203,src/unsorted/0x439eb0.cpp,?FUN_00439eb0@@YGXPAUOwner_00439eb0@@H@Z,matched,100.0
0x439f80,91,src/unsorted/0x439f80.cpp,?FUN_00439f80@@YGXPAUOwner_00439f80@@PAVClass_0043a1f0@@@Z,matched,100.0
0x439fe0,58,src/unsorted/0x439fe0.cpp,?FUN_00439fe0@@YGXPAD0@Z,matched,100.0
0x43a020,152,src/unsorted/0x43a020.cpp,?FUN_0043a020@@YGXPAUParent_0043b730@@PAVClass_0043a0c0@@@Z,matched,100.0
0x43a1e0,3,src/unsorted/0x43a1e0.cpp,?FUN_0043a1e0@Class_0043a1f0@@UAEXH@Z,matched,100.0
0x43a1f0,218,src/unsorted/0x43a1f0.cpp,??1Class_0043a1f0@@QAE@XZ,matched,100.0
0x43a2d0,131,src/unsorted/0x43a2d0.cpp,?FUN_0043a2d0@@YGXPAVClass_004b48f0@@G@Z,matched,100.0
0x43a940,33,src/unsorted/0x43a940.cpp,?FUN_0043a940@@YGHHPAD@Z,matched,100.0
0x43ac60,78,src/unsorted/0x43ac60.cpp,?FUN_0043ac60@@YGXPAUOwner_0043ac60@@PAUNode_0043ac60@@1@Z,matched,100.0
0x43acb0,87,src/unsorted/0x43acb0.cpp,?FUN_0043acb0@@YGXPAUOwner_0043acb0@@PAUNode_0043acb0@@@Z,matched,100.0
0x43ad10,56,src/unsorted/0x43ad10.cpp,?FUN_0043ad10@@YGXPAUOwner_0043ad10@@PAUNode_0043ad10@@@Z,matched,100.0
0x43ad50,100,src/unsorted/0x43ad50.cpp,?FUN_0043ad50@@YGXPAUOwner_0043ad50@@PAUNode_0043ad50@@@Z,matched,100.0
0x43afc0,233,src/unsorted/0x43afc0.cpp,?FUN_0043afc0@@YGXEHPAUOwner_0043afc0@@HPAHHH@Z,matched,100.0
0x43b700,42,src/unsorted/0x43b700.cpp,?FUN_0043b700@@YGHPAUUnit_0043b700@@@Z,matched,100.0
0x43b730,136,src/unsorted/0x43b730.cpp,?FUN_0043b730@@YGXPAUParent_0043b730@@E@Z,matched,100.0
0x43c020,36,src/unsorted/0x43c020.cpp,?FUN_0043c020@@YGHPAX0@Z,matched,100.0
0x43c350,11,src/unsorted/0x43c350.cpp,?FUN_0043c350@@YAXXZ,matched,100.0
0x43c360,33,src/unsorted/0x43c360.cpp,?FUN_0043c360@Class_0043c360@@QAEHXZ,matched,100.0
0x43c390,3,src/unsorted/0x43c390.cpp,?_Destroy@?$vector@UElem_0043c390@@V?$allocator@UElem_0043c390@@@std@@@std@@IAEXPAUElem_0043c390@@0@Z,matched,100.0
0x43c6b0,100,src/unsorted/0x43c6b0.cpp,?FUN_0043c6b0@@YGPAUEntry_0043c6b0@@PAU1@0ABQADP6GHABU1@PAD@ZPAH@Z,matched,100.0
0x43c940,73,src/unsorted/0x43c940.cpp,?FUN_0043c940@@YGXPAUElem_0043c940@@U1@P6GHABU1@2@Z@Z,matched,100.0
0x43cb20,137,src/unsorted/0x43cb20.cpp,?FUN_0043cb20@@YGPAUElem_0043cb20@@PAU1@0U1@P6GHABU1@2@Z@Z,matched,100.0
0x43cbb0,109,src/unsorted/0x43cbb0.cpp,?FUN_0043cbb0@Class_0043cbb0@@QAEXPAUUnit_0043cbb0@@F@Z,matched,100.0
0x43d210,127,src/unsorted/0x43d210.cpp,?FUN_0043d210@Class_0043d210@@QAEXPAVClass_0048b090@@H@Z,matched,100.0
0x43dd10,13,src/unsorted/0x43dd10.cpp,?FUN_0043dd10@Class_0043dd10@@QAEXXZ,matched,100.0
0x43dd20,79,src/unsorted/0x43dd20.cpp,?FUN_0043dd20@Class_0043dd20@@QAEXPAUUnit_0043dd20@@@Z,matched,100.0
0x43e060,74,src/unsorted/0x43e060.cpp,?FUN_0043e060@@YG?AUVec3@@PAUObject@@H@Z,matched,100.0
0x43e180,96,src/unsorted/0x43e180.cpp,?FUN_0043e180@@YG?AUOut_0043e180@@PAUObj_0043e180@@H@Z,matched,100.0
0x43e1e0,86,src/unsorted/0x43e1e0.cpp,?FUN_0043e1e0@@YGHPAUObject@@E@Z,matched,100.0
0x43e240,145,src/unsorted/0x43e240.cpp,?FUN_0043e240@@YGXPAUObject@@PAUVec3@@EH@Z,matched,100.0
0x43e3c0,62,src/unsorted/0x43e3c0.cpp,?FUN_0043e3c0@@YGXPAUObj_0043e3c0@@H@Z,matched,100.0
0x43e400,103,src/unsorted/0x43e400.cpp,?FUN_0043e400@@YGXPAUObject@@PAUVec3@@@Z,matched,100.0
0x43e470,29,src/unsorted/0x43e470.cpp,?FUN_0043e470@@YGHE@Z,matched,100.0
0x440230,92,src/unsorted/0x440230.cpp,_$E6,matched,100.0
0x440290,65,src/unsorted/0x440290.cpp,_$E3,matched,100.0
0x4402e0,53,src/unsorted/0x4402e0.cpp,??0Class_004402e0@@QAE@XZ,matched,100.0
0x440320,28,src/unsorted/0x440320.cpp,??1Class_004402e0@@QAE@XZ,matched,100.0
0x440420,70,src/unsorted/0x440420.cpp,?FUN_00440420@@YGPAUClass_00440320@@PAD@Z,matched,100.0
0x440470,79,src/unsorted/0x440470.cpp,?FUN_00440470@Class_00440470@@QAEXII@Z,matched,100.0
0x4404c0,60,src/unsorted/0x4404c0.cpp,?FUN_004404c0@Class_004404c0@@QAEXHHH@Z,matched,100.0
0x440930,1,src/unsorted/0x440930.cpp,?FUN_00440930@@YAXXZ,matched,100.0
0x440a00,57,src/unsorted/0x440a00.cpp,?FUN_00440a00@@YAXXZ,matched,100.0
0x440a40,47,src/unsorted/0x440a40.cpp,?FUN_00440a40@@YGXUPoint_00440a40@@0@Z,matched,100.0
0x440a70,115,src/unsorted/0x440a70.cpp,?FUN_00440a70@@YGXPAUStruct_00440a70@@@Z,matched,100.0
0x440be0,34,src/unsorted/0x440be0.cpp,?FUN_00440be0@Dummy_00440be0@@QAEXPAUStruct_00440be0@@@Z,matched,100.0
0x440c10,143,src/unsorted/0x440c10.cpp,?FUN_00440c10@@YAHXZ,matched,100.0
0x440ca0,42,src/unsorted/0x440ca0.cpp,?FUN_00440ca0@@YGXPAUDst_00440ca0@@PAUSrc_00440ca0@@@Z,matched,100.0
0x440cd0,151,src/unsorted/0x440cd0.cpp,?FUN_00440cd0@@YAHXZ,matched,100.0
0x441430,39,src/unsorted/0x441430.cpp,?FUN_00441430@@YAHXZ,matched,100.0
0x441bc0,112,src/unsorted/0x441bc0.cpp,?FUN_00441bc0@@YAHXZ,matched,100.0
0x442000,78,src/unsorted/0x442000.cpp,?FUN_00442000@@YGHH@Z,matched,100.0
0x442380,31,src/unsorted/0x442380.cpp,?FUN_00442380@@YGXHH@Z,matched,100.0
0x4423a0,24,src/unsorted/0x4423a0.cpp,?FUN_004423a0@@YGXHPAH@Z,matched,100.0
0x4428f0,125,src/unsorted/0x4428f0.cpp,?FUN_004428f0@@YGXPAUMenu_004428f0@@PAUPlayer_004428f0@@@Z,matched,100.0
0x443070,138,src/unsorted/0x443070.cpp,?FUN_00443070@@YGHABU_GUID@@KPBXPAX@Z,matched,100.0
0x443590,5,src/unsorted/0x443590.cpp,?FUN_00443590@@YAXXZ,matched,100.0
0x444910,31,src/unsorted/0x444910.cpp,?FUN_00444910@@YGXPAUObj_00444910@@H@Z,matched,100.0
0x444ba0,52,src/unsorted/0x444ba0.cpp,?FUN_00444ba0@@YGXPAUObj_444ba0@@@Z,matched,100.0
0x444be0,95,src/unsorted/0x444be0.cpp,?FUN_00444be0@@YAXXZ,matched,100.0
0x444c40,102,src/unsorted/0x444c40.cpp,?FUN_00444c40@@YGXPAUMenu_00444c40@@H@Z,matched,100.0
0x445300,152,src/unsorted/0x445300.cpp,?FUN_00445300@@YGXPAUEntry_00445300@@@Z,matched,100.0
0x445e20,35,src/unsorted/0x445e20.cpp,?FUN_00445e20@@YGXPAUMenu_00445e20@@PADH@Z,matched,100.0
0x445e50,125,src/unsorted/0x445e50.cpp,?FUN_00445e50@@YGXPADHHP6GXPAUMenu_00445e50@@H@Z@Z,matched,100.0
0x446020,91,src/unsorted/0x446020.cpp,?FUN_00446020@@YGXPAUGadget_00446020@@@Z,matched,100.0
0x446450,127,src/unsorted/0x446450.cpp,?FUN_00446450@@YAXXZ,matched,100.0
0x4467c0,43,src/unsorted/0x4467c0.cpp,?FUN_004467c0@@YG_NPAUPlayer_004467c0@@0@Z,matched,100.0
0x4468c0,248,src/unsorted/0x4468c0.cpp,?FUN_004468c0@@YADXZ,matched,100.0
0x4469c0,137,src/unsorted/0x4469c0.cpp,?FUN_004469c0@@YGHHH@Z,matched,100.0
0x446f50,88,src/unsorted/0x446f50.cpp,?FUN_00446f50@@YGXH@Z,matched,100.0
0x448bf0,119,src/unsorted/0x448bf0.cpp,?FUN_00448bf0@@YGXH@Z,matched,100.0
0x44afb0,104,src/unsorted/0x44afb0.cpp,?FUN_0044afb0@@YGXPAUObj_44afb0@@@Z,matched,100.0
0x44b100,57,src/unsorted/0x44b100.cpp,?FUN_0044b100@@YAXXZ,matched,100.0
0x44b330,135,src/unsorted/0x44b330.cpp,?FUN_0044b330@@YAXXZ,matched,100.0
0x44b600,137,src/unsorted/0x44b600.cpp,?FUN_0044b600@@YGXHH@Z,matched,100.0
0x44c7a0,59,src/unsorted/0x44c7a0.cpp,?FUN_0044c7a0@@YAHPBD0@Z,matched,100.0
0x44ce20,18,src/unsorted/0x44ce20.cpp,??0Class_0044ce20@@QAE@H@Z,matched,100.0
0x44ce40,6,src/unsorted/0x44ce40.cpp,?FUN_0044ce40@@YAHXZ,matched,100.0
0x44ce50,32,src/unsorted/0x44ce50.cpp,?FUN_0044ce50@Class_0044ce50@@QAEPAXE@Z,matched,100.0
0x44ce70,11,src/unsorted/0x44ce70.cpp,??0Class_0044ce70@@QAE@HHH@Z,matched,100.0
0x44ce80,5,src/unsorted/0x44ce80.cpp,?FUN_0044ce80@@YGHHHH@Z,matched,100.0
0x44ce90,47,src/unsorted/0x44ce90.cpp,?FUN_0044ce90@Class_0044ce90@@QAEXPAV?$vector@PAUElem_0044ce90@@V?$allocator@PAUElem_0044ce90@@@std@@@std@@@Z,matched,100.0
0x44cec0,5,src/unsorted/0x44cec0.cpp,?FUN_0044cec0@@YGHHH@Z,matched,100.0
0x44ced0,22,src/unsorted/0x44ced0.cpp,?FUN_0044ced0@Class_0044ced0@@QAEXH@Z,matched,100.0
0x44cef0,3,src/unsorted/0x44cef0.cpp,?FUN_0044cef0@@YAHXZ,matched,100.0
0x44cf00,24,src/unsorted/0x44cf00.cpp,?FUN_0044cf00@Class_0044cf00@@QAEXH@Z,matched,100.0
0x44cf20,5,src/unsorted/0x44cf20.cpp,?FUN_0044cf20@@YGHHH@Z,matched,100.0
0x44cf30,6,src/unsorted/0x44cf30.cpp,?FUN_0044cf30@@YAHXZ,matched,100.0
0x44cf40,5,src/unsorted/0x44cf40.cpp,?FUN_0044cf40@@YGHH@Z,matched,100.0
0x44cf50,3,src/unsorted/0x44cf50.cpp,?FUN_0044cf50@@YGXH@Z,matched,100.0
0x44cf60,113,src/unsorted/0x44cf60.cpp,??0Class_0044cf60@@QAE@PAUSource_0044cf60@@HHH@Z,matched,100.0
0x44cfe0,6,src/unsorted/0x44cfe0.cpp,?FUN_0044cfe0@@YAHXZ,matched,100.0
0x44cff0,32,src/unsorted/0x44cff0.cpp,?FUN_0044cff0@Class_0044cff0@@QAEPAXE@Z,matched,100.0
0x44d010,123,src/unsorted/0x44d010.cpp,??0Class_0044d010@@QAE@HPAVClass_004b4ba0@@PAD@Z,matched,100.0
0x44d090,76,src/unsorted/0x44d090.cpp,?FUN_0044d090@Class_0044d010@@QAEHHPAVClass_004b4ba0@@PAD@Z,matched,100.0
0x44d290,47,src/unsorted/0x44d290.cpp,?FUN_0044d290@Class_0044d290@@QAEHHH@Z,matched,100.0
0x44d2c0,71,src/unsorted/0x44d2c0.cpp,?FUN_0044d2c0@Class_0044d2c0@@QAEHPAH@Z,matched,100.0
0x44d310,51,src/unsorted/0x44d310.cpp,?FUN_0044d310@Class_0044d310@@QAEHPAUObj_0044d310@@@Z,matched,100.0
0x44d350,84,src/unsorted/0x44d350.cpp,?FUN_0044d350@Class_0044d350@@QAEHHH@Z,matched,100.0
0x44d3b0,141,src/unsorted/0x44d3b0.cpp,??0Class_0044d3b0@@QAE@PAUSource_0044d3b0@@HHHH@Z,matched,100.0
0x44d440,6,src/unsorted/0x44d440.cpp,?FUN_0044d440@@YAHXZ,matched,100.0
0x44d450,32,src/unsorted/0x44d450.cpp,?FUN_0044d450@Class_0044d450@@QAEPAU1@E@Z,matched,100.0
0x44d470,137,src/unsorted/0x44d470.cpp,??0Class_0044d470@@QAE@HPAVClass_004b4ba0@@PAD@Z,matched,100.0
0x44d500,90,src/unsorted/0x44d500.cpp,?FUN_0044d500@Class_0044d470@@QAEHHPAVClass_004b4ba0@@PAD@Z,matched,100.0
0x44d720,157,src/unsorted/0x44d720.cpp,?FUN_0044d720@Class_0044d720@@QAEHPAUVec3_0044d720@@@Z,matched,100.0
0x44d7c0,58,src/unsorted/0x44d7c0.cpp,?FUN_0044d7c0@Class_0044d7c0@@QAE_NHH@Z,matched,100.0
0x44d800,62,src/unsorted/0x44d800.cpp,?FUN_0044d800@Class_0044d800@@QAEHPAUUnit_0044d800@@@Z,matched,100.0
0x44d840,96,src/unsorted/0x44d840.cpp,?FUN_0044d840@Class_0044d840@@QAEHHH@Z,matched,100.0
0x44d8a0,83,src/unsorted/0x44d8a0.cpp,??0Class_0044d8a0@@QAE@PAUOwner_0044d8a0@@UPoint_0044d8a0@@1@Z,matched,100.0
0x44d900,6,src/unsorted/0x44d900.cpp,?FUN_0044d900@@YAHXZ,matched,100.0
0x44d910,32,src/unsorted/0x44d910.cpp,?FUN_0044d910@Class_0044d910@@QAEPAV1@E@Z,matched,100.0
0x44d930,102,src/unsorted/0x44d930.cpp,??0Class_0044d930@@QAE@HPAVClass_004b4ba0@@PAD@Z,matched,100.0
0x44d9a0,83,src/unsorted/0x44d9a0.cpp,?FUN_0044d9a0@Class_0044d930@@QAEHHPAVClass_004b4ba0@@PAD@Z,matched,100.0
0x44dc60,75,src/unsorted/0x44dc60.cpp,?FUN_0044dc60@Class_0044dc60@@QAEHPAH@Z,matched,100.0
0x44dcb0,74,src/unsorted/0x44dcb0.cpp,?FUN_0044dcb0@Class_0044dcb0@@QAEHHH@Z,matched,100.0
0x44df70,6,src/unsorted/0x44df70.cpp,?FUN_0044df70@@YAHXZ,matched,100.0
0x44df80,40,src/unsorted/0x44df80.cpp,?FUN_0044df80@Class_0044df80@@QAEPAXE@Z,matched,100.0
0x44e250,113,src/unsorted/0x44e250.cpp,??0Class_0044e250@@QAE@PAUSource_0044e250@@HF@Z,matched,100.0
0x44e2d0,95,src/unsorted/0x44e2d0.cpp,??0Class_0044e2d0@@QAE@PAUSource_0044e2d0@@ABUVec3_0044e2d0@@@Z,matched,100.0
0x44e330,111,src/unsorted/0x44e330.cpp,??0Class_0044e330@@QAE@PAUSource_0044e330@@HABUVec3_0044e330@@@Z,matched,100.0
0x44e3a0,22,src/unsorted/0x44e3a0.cpp,?FUN_0044e3a0@Class_0044e3a0@@QAEHXZ,matched,100.0
0x44e530,124,src/unsorted/0x44e530.cpp,?FUN_0044e530@Class_0044e530@@QAEHPAG@Z,matched,100.0
0x44e6b0,3,src/unsorted/0x44e6b0.cpp,?FUN_0044e6b0@@YAHXZ,matched,100.0
0x44e6c0,90,src/unsorted/0x44e6c0.cpp,?FUN_0044e6c0@Class_0044e6c0@@QAEXH@Z,matched,100.0
0x44e720,16,src/unsorted/0x44e720.cpp,?FUN_0044e720@Class_0044e720@@QAEXF@Z,matched,100.0
0x44e730,16,src/unsorted/0x44e730.cpp,?FUN_0044e730@Class_0044e730@@QAEXF@Z,matched,100.0
0x44e740,82,src/unsorted/0x44e740.cpp,??0Class_0044e740@@QAE@PAUSource_0044e740@@ABUVec3_0044e740@@1@Z,matched,100.0
0x44e7a0,6,src/unsorted/0x44e7a0.cpp,?FUN_0044e7a0@@YAHXZ,matched,100.0
0x44e7b0,32,src/unsorted/0x44e7b0.cpp,?FUN_0044e7b0@Class_0044e7b0@@QAEPAXH@Z,matched,100.0
0x44e930,129,src/unsorted/0x44e930.cpp,?FUN_0044e930@Class_0044e740@@QAEXPAVClass_00415c10@@@Z,matched,100.0
0x44e9c0,140,src/unsorted/0x44e9c0.cpp,??0Class_0044e9c0@@QAE@PAUOwner_0044e9c0@@PAVClass_00415dc0@@@Z,matched,100.0
0x44ea50,3,src/unsorted/0x44ea50.cpp,?FUN_0044ea50@@YAHXZ,matched,100.0
0x44eb40,31,src/unsorted/0x44eb40.cpp,?FUN_0044eb40@Class_0044eb40@@QAEHPAG@Z,matched,100.0
0x44eb60,159,src/unsorted/0x44eb60.cpp,?FUN_0044eb60@Class_0044e740@@QAEHPAUObject_0044eb60@@@Z,matched,100.0
0x44ec00,3,src/unsorted/0x44ec00.cpp,?FUN_0044ec00@@YAHXZ,matched,100.0
0x44ec10,3,src/unsorted/0x44ec10.cpp,?FUN_0044ec10@Class_0044e740@@QAEXH@Z,matched,100.0
0x44ec20,16,src/unsorted/0x44ec20.cpp,?FUN_0044ec20@Class_0044ec20@@QAEXF@Z,matched,100.0
0x44ee60,3,src/unsorted/0x44ee60.cpp,?_Destroy@?$vector@UPoint_0044eec0@@V?$allocator@UPoint_0044eec0@@@std@@@std@@IAEXPAUPoint_0044eec0@@0@Z,matched,100.0
0x44ee70,19,src/unsorted/0x44ee70.cpp,?FUN_0044ee70@Class_0044ee70@@QAEHXZ,matched,100.0
0x44ee90,46,src/unsorted/0x44ee90.cpp,?_Ucopy@?$vector@UPoint_0044eec0@@V?$allocator@UPoint_0044eec0@@@std@@@std@@IAEPAUPoint_0044eec0@@PBU3@0PAU3@@Z,matched,100.0
0x44eec0,35,src/unsorted/0x44eec0.cpp,?_Ufill@?$vector@UPoint_0044eec0@@V?$allocator@UPoint_0044eec0@@@std@@@std@@IAEXPAUPoint_0044eec0@@IABU3@@Z,matched,100.0
0x44eef0,42,src/unsorted/0x44eef0.cpp,?FUN_0044eef0@@YGPAUPoint_0044eef0@@PAU1@00@Z,matched,100.0
0x44ef20,25,src/unsorted/0x44ef20.cpp,??0Class_0044ef20@@QAE@PAUStruct_004907e0@@@Z,matched,100.0
0x44ef40,3,src/unsorted/0x44ef40.cpp,?FUN_0044ef40@@YGXHHH@Z,matched,100.0
0x44ef50,3,src/unsorted/0x44ef50.cpp,?FUN_0044ef50@@YGXH@Z,matched,100.0
0x44ef60,32,src/unsorted/0x44ef60.cpp,??_GClass_0044ef20@@UAEPAXI@Z,matched,100.0
0x44ef80,11,src/unsorted/0x44ef80.cpp,?FUN_0044ef80@Class_0044ef80@@QAEHXZ,matched,100.0
0x44ef90,31,src/unsorted/0x44ef90.cpp,?FUN_0044ef90@Class_44ef90@@QAEXPAX@Z,matched,100.0
0x44efb0,1,src/unsorted/0x44efb0.cpp,?FUN_0044efb0@@YAXXZ,matched,100.0
0x44efc0,3,src/unsorted/0x44efc0.cpp,?FUN_0044efc0@@YGXH@Z,matched,100.0
0x44efd0,3,src/unsorted/0x44efd0.cpp,?FUN_0044efd0@@YGXH@Z,matched,100.0
0x44efe0,3,src/unsorted/0x44efe0.cpp,?FUN_0044efe0@@YAHXZ,matched,100.0
0x44eff0,3,src/unsorted/0x44eff0.cpp,?FUN_0044eff0@@YAHXZ,matched,100.0
0x44f000,3,src/unsorted/0x44f000.cpp,?FUN_0044f000@@YGXHHH@Z,matched,100.0
0x44f010,41,src/unsorted/0x44f010.cpp,??0Class_0044f010@@QAE@H@Z,matched,100.0
0x44f040,55,src/unsorted/0x44f450.cpp,??_GClass_0044f010@@UAEPAXI@Z,matched,100.0
0x44f080,122,src/unsorted/0x44f080.cpp,?FUN_0044f080@Class_0044f010@@QAEXPAUPoint_0044f080@@H@Z,matched,100.0
0x44f100,76,src/unsorted/0x44f100.cpp,?FUN_0044f100@Class_0044f010@@QAEXH@Z,matched,100.0
0x44f150,74,src/unsorted/0x44f150.cpp,?FUN_0044f150@Class_0044f150@@QAEXPAUVec3_0044f150@@HH@Z,matched,100.0
0x44f260,37,src/unsorted/0x44f260.cpp,?FUN_0044f260@Class_0044f260@@QAEPAV1@XZ,matched,100.0
0x44f290,7,src/unsorted/0x44f290.cpp,?FUN_0044f290@Class_0044f290@@QAEEXZ,matched,100.0
0x44f450,34,src/unsorted/0x44f450.cpp,??1Class_0044f010@@UAE@XZ,matched,100.0
0x44f480,31,src/unsorted/0x44f480.cpp,?FUN_0044f480@Class_0044f480@@QAEHXZ,matched,100.0
0x44f570,26,src/unsorted/0x44f570.cpp,??0Class_0044f570@@QAE@H@Z,matched,100.0
0x44f590,32,src/unsorted/0x44f590.cpp,??_GClass_0044f570@@UAEPAXI@Z,matched,100.0
0x44f5b0,12,src/unsorted/0x44f5b0.cpp,?FUN_0044f5b0@Class_0044f5b0@@QAEHXZ,matched,100.0
0x44f5c0,137,src/unsorted/0x44f5c0.cpp,?FUN_0044f5c0@Class_0044f5c0@@QAEXPAVClass_00415dc0@@@Z,matched,100.0
0x44f650,74,src/unsorted/0x44f650.cpp,?FUN_0044f650@Class_0044f650@@QAEXPAUVec3_0044f650@@HH@Z,matched,100.0
0x44f6a0,52,src/unsorted/0x44f6a0.cpp,?FUN_0044f6a0@@YAXXZ,matched,100.0
0x44f6e0,50,src/unsorted/0x44f6e0.cpp,?FUN_0044f6e0@@YAXXZ,matched,100.0
0x44f720,126,src/unsorted/0x44f720.cpp,_$E4,matched,100.0
0x44f7a0,57,src/unsorted/0x44f720.cpp,_$E2,matched,100.0
0x44f7e0,126,src/unsorted/0x44f7e0.cpp,_$E4,matched,100.0
0x44f860,57,src/unsorted/0x44f7e0.cpp,_$E2,matched,100.0
0x44f8a0,92,src/unsorted/0x44f8a0.cpp,??0Class_0044f8a0@@QAE@XZ,matched,100.0
0x44f900,52,src/unsorted/0x44f900.cpp,??1Class_0044f8a0@@QAE@XZ,matched,100.0
0x44f940,125,src/unsorted/0x44f940.cpp,?FUN_0044f940@Class_0044f940@@QAEXPAXH@Z,matched,100.0
0x44fd40,6,src/unsorted/0x44fd40.cpp,?FUN_0044fd40@@YGHH@Z,matched,100.0
0x44fd50,6,src/unsorted/0x44fd50.cpp,?FUN_0044fd50@@YGHH@Z,matched,100.0
0x44fd60,6,src/unsorted/0x44fd60.cpp,?FUN_0044fd60@@YGHH@Z,matched,100.0
0x44fd70,6,src/unsorted/0x44fd70.cpp,?FUN_0044fd70@@YGHH@Z,matched,100.0
0x44fd80,6,src/unsorted/0x44fd80.cpp,?FUN_0044fd80@@YGHH@Z,matched,100.0
0x44fd90,6,src/unsorted/0x44fd90.cpp,?FUN_0044fd90@@YGHH@Z,matched,100.0
0x44fda0,13,src/unsorted/0x44fda0.cpp,?FUN_0044fda0@Class_0044fda0@@QAEXXZ,matched,100.0
0x44fdb0,74,src/unsorted/0x44fdb0.cpp,?FUN_0044fdb0@@YAHXZ,matched,100.0
0x44fe00,56,src/unsorted/0x44fe00.cpp,?FUN_0044fe00@@YAHXZ,matched,100.0
0x44fe40,99,src/unsorted/0x44fe40.cpp,?FUN_0044fe40@@YGEH@Z,matched,100.0
0x44feb0,22,src/unsorted/0x44feb0.cpp,?FUN_0044feb0@@YGEPAUPlayer_0044feb0@@@Z,matched,100.0
0x44ffd0,61,src/unsorted/0x44ffd0.cpp,?FUN_0044ffd0@@YGHE@Z,matched,100.0
0x450010,27,src/unsorted/0x450010.cpp,?FUN_00450010@@YGHPAUClass_00450010@@@Z,matched,100.0
0x450030,96,src/unsorted/0x450030.cpp,?FUN_00450030@@YAHXZ,matched,100.0
0x450090,161,src/unsorted/0x450090.cpp,?FUN_00450090@@YGHEPAD0@Z,matched,100.0
0x4504f0,59,src/unsorted/0x4504f0.cpp,?FUN_004504f0@@YAHXZ,matched,100.0
0x450910,97,src/unsorted/0x450910.cpp,?FUN_00450910@@YADXZ,matched,100.0
0x450980,141,src/unsorted/0x450980.cpp,?FUN_00450980@@YAXXZ,matched,100.0
0x450d80,65,src/unsorted/0x450d80.cpp,?FUN_00450d80@@YAXXZ,matched,100.0
0x450dd0,74,src/unsorted/0x450dd0.cpp,?FUN_00450dd0@@YAXXZ,matched,100.0
0x450f90,248,src/unsorted/0x450f90.cpp,?FUN_00450f90@@YAXXZ,matched,100.0
0x451180,146,src/unsorted/0x451180.cpp,?FUN_00451180@@YAXXZ,matched,100.0
0x451540,135,src/unsorted/0x451540.cpp,?FUN_00451540@@YAXXZ,matched,100.0
0x4515d0,104,src/unsorted/0x4515d0.cpp,?FUN_004515d0@@YGXHHHHH@Z,matched,100.0
0x451770,49,src/unsorted/0x451770.cpp,?FUN_00451770@@YGXPAUArgs_00451770@@@Z,matched,100.0
0x451b60,84,src/unsorted/0x451b60.cpp,?FUN_00451b60@@YAXXZ,matched,100.0
0x452370,111,src/unsorted/0x452370.cpp,?FUN_00452370@@YGXPAUClass_00452370@@@Z,matched,100.0
0x452b70,82,src/unsorted/0x452b70.cpp,?FUN_00452b70@@YGHHHDH@Z,matched,100.0
0x452bd0,97,src/unsorted/0x452bd0.cpp,?FUN_00452bd0@@YGHPAUPlayer_00452bd0@@@Z,matched,100.0
0x452c40,124,src/unsorted/0x452c40.cpp,?FUN_00452c40@@YGPADH@Z,matched,100.0
0x453320,52,src/unsorted/0x453320.cpp,?FUN_00453320@@YGXHH@Z,matched,100.0
0x456030,25,src/unsorted/0x456030.cpp,?FUN_00456030@Class_00456030@@QAEHXZ,matched,100.0
0x456050,105,src/unsorted/0x456050.cpp,?FUN_00456050@@YGXPAUObject_00456050@@@Z,matched,100.0
0x4560c0,68,src/unsorted/0x4560c0.cpp,?FUN_004560c0@@YGXPAUObject_004560c0@@0@Z,matched,100.0
0x456110,121,src/unsorted/0x456110.cpp,?FUN_00456110@@YGHPAUObject_00456110@@PAD@Z,matched,100.0
0x456190,106,src/unsorted/0x456190.cpp,?FUN_00456190@@YGHPAUObject_00456190@@F@Z,matched,100.0
0x456200,139,src/unsorted/0x456200.cpp,?FUN_00456200@@YGHPAUObject_00456200@@PADDHHHH@Z,matched,100.0
0x456290,124,src/unsorted/0x456290.cpp,?FUN_00456290@@YGHPAUObject_00456290@@FDHHHH@Z,matched,100.0
0x456850,87,src/unsorted/0x456850.cpp,?FUN_00456850@@YAEXZ,matched,100.0
0x4568b0,3,src/unsorted/0x4568b0.cpp,?FUN_004568b0@@YGXHHH@Z,matched,100.0
0x4571c0,218,src/unsorted/0x4571c0.cpp,?FUN_004571c0@@YGXEE@Z,matched,100.0
0x4578d0,18,src/unsorted/0x4578d0.cpp,?FUN_004578d0@@YGXH@Z,matched,100.0
0x457a50,154,src/unsorted/0x457a50.cpp,?FUN_00457a50@@YAHXZ,matched,100.0
0x457af0,67,src/unsorted/0x457af0.cpp,?FUN_00457af0@@YAHXZ,matched,100.0
0x457b40,67,src/unsorted/0x457b40.cpp,?FUN_00457b40@@YAHXZ,matched,100.0
0x457b90,44,src/unsorted/0x457b90.cpp,?FUN_00457b90@@YAHXZ,matched,100.0
0x457bc0,76,src/unsorted/0x457bc0.cpp,?FUN_00457bc0@@YAHXZ,matched,100.0
0x457c10,97,src/unsorted/0x457c10.cpp,?FUN_00457c10@@YAHXZ,matched,100.0
0x457c80,44,src/unsorted/0x457c80.cpp,?FUN_00457c80@@YAHXZ,matched,100.0
0x457cb0,126,src/unsorted/0x457cb0.cpp,?FUN_00457cb0@@YAHXZ,matched,100.0
0x458160,19,src/unsorted/0x458160.cpp,?FUN_00458160@Class_00458160@@QAEPAV1@XZ,matched,100.0
0x458180,57,src/unsorted/0x458180.cpp,?FUN_00458180@Class_00458180@@QAEHI@Z,matched,100.0
0x4581c0,28,src/unsorted/0x4581c0.cpp,?FUN_004581c0@Class_004581c0@@QAEXXZ,matched,100.0
0x4581e0,289,src/unsorted/0x4581e0.cpp,?FUN_004581e0@Class_004581e0@@QAEXPAH000PAUModel_4581e0@@PAUVertex_4581e0@@@Z,matched,100.0
0x458430,159,src/unsorted/0x458430.cpp,?FUN_00458430@Class_00458430@@QAEXHPAUList_00458430@@UVec3@@H@Z,matched,100.0
0x4587b0,85,src/unsorted/0x4587b0.cpp,?FUN_004587b0@@YGXPAUBitmap_004587b0@@0@Z,matched,100.0
0x458d20,14,src/unsorted/0x458d20.cpp,?FUN_00458d20@@YGXHPAUCount_00458d20@@H@Z,matched,100.0
0x458d30,149,src/unsorted/0x458d30.cpp,?FUN_00458d30@Class_00458d30@@QAEXPAUImage_458d30@@EHHH@Z,matched,100.0
0x459170,144,src/unsorted/0x459170.cpp,?FUN_00459170@Class_00459170@@QAEXPAUImage_00459170@@@Z,matched,100.0
0x4597f0,61,src/unsorted/0x4597f0.cpp,?FUN_004597f0@@YGXHHH@Z,matched,100.0
0x45a470,156,src/unsorted/0x45a470.cpp,?FUN_0045a470@Class_0045a470@@QAEPAUImage_0045a470@@PAU2@@Z,matched,100.0
0x45a8d0,116,src/unsorted/0x45a8d0.cpp,?FUN_0045a8d0@@YGPAUObjectState_0045a8d0@@PAUClass_0045ae80@@@Z,matched,100.0
0x45ae80,49,src/unsorted/0x45ae80.cpp,?FUN_0045ae80@@YGHPAUClass_0045ae80@@@Z,matched,100.0
0x45b030,105,src/unsorted/0x45b030.cpp,?FUN_0045b030@@YIHPAUPiece_0045b030@@H@Z,matched,100.0
0x45b480,13,src/unsorted/0x45b480.cpp,?FUN_0045b480@@YGXPAE@Z,matched,100.0
0x45b640,27,src/unsorted/0x45b640.cpp,?FUN_0045b640@@YAXXZ,matched,100.0
0x45b660,6,src/unsorted/0x45b660.cpp,?FUN_0045b660@@YAHXZ,matched,100.0
0x45b800,30,src/unsorted/0x45b800.cpp,?FUN_0045b800@@YGXPAD@Z,matched,100.0
0x45b820,50,src/unsorted/0x45b820.cpp,?FUN_0045b820@@YGXHPAD@Z,matched,100.0
0x45b860,32,src/unsorted/0x45b860.cpp,?FUN_0045b860@@YGXH@Z,matched,100.0
0x45b920,137,src/unsorted/0x45b920.cpp,?FUN_0045b920@@YGXPAD@Z,matched,100.0
0x45b9b0,105,src/unsorted/0x45b9b0.cpp,?FUN_0045b9b0@@YGXPAUClass_0045b9b0@@H@Z,matched,100.0
0x45ba20,63,src/unsorted/0x45ba20.cpp,?FUN_0045ba20@@YGHPAUClass_0045ba20@@@Z,matched,100.0
0x45ba60,138,src/unsorted/0x45ba60.cpp,?FUN_0045ba60@@YGXHHPAD0@Z,matched,100.0
0x45baf0,14,src/unsorted/0x45baf0.cpp,?FUN_0045baf0@@YGXPAXH@Z,matched,100.0
0x45bcc0,81,src/unsorted/0x45bcc0.cpp,?FUN_0045bcc0@@YAXXZ,matched,100.0
0x45bea0,179,src/unsorted/0x45bea0.cpp,?FUN_0045bea0@@YGXPAUObject_0045bea0@@H@Z,matched,100.0
0x45bf60,161,src/unsorted/0x45bf60.cpp,?FUN_0045bf60@@YGXPAD0HH@Z,matched,100.0
0x45c330,157,src/unsorted/0x45c330.cpp,?FUN_0045c330@@YGXPAUObject_0045c330@@H@Z,matched,100.0
0x45c3d0,22,src/unsorted/0x45c3d0.cpp,?FUN_0045c3d0@@YGXH@Z,matched,100.0
0x45c510,88,src/unsorted/0x45c510.cpp,?FUN_0045c510@@YAXXZ,matched,100.0
0x45c630,150,src/unsorted/0x45c630.cpp,?FUN_0045c630@@YAXXZ,matched,100.0
0x45c6d0,110,src/unsorted/0x45c6d0.cpp,?FUN_0045c6d0@@YAXXZ,matched,100.0
0x45ca50,143,src/unsorted/0x45ca50.cpp,?FUN_0045ca50@@YAXXZ,matched,100.0
0x45cf60,94,src/unsorted/0x45cf60.cpp,?FUN_0045cf60@@YAXXZ,matched,100.0
0x45d0c0,111,src/unsorted/0x45d0c0.cpp,?FUN_0045d0c0@@YAXXZ,matched,100.0
0x45f190,52,src/unsorted/0x45f190.cpp,?FUN_0045f190@@YGXPAUGadget_0045f190@@@Z,matched,100.0
0x45f770,137,src/unsorted/0x45f770.cpp,?FUN_0045f770@@YGXPAUGadget_0045f770@@@Z,matched,100.0
0x45fac0,99,src/unsorted/0x45fac0.cpp,?FUN_0045fac0@@YGXPAUGadget_0045fac0@@@Z,matched,100.0
0x45fb30,130,src/unsorted/0x45fb30.cpp,?FUN_0045fb30@@YAXXZ,matched,100.0
0x45fbc0,116,src/unsorted/0x45fbc0.cpp,?FUN_0045fbc0@@YAXXZ,matched,100.0
0x45fc40,27,src/unsorted/0x45fc40.cpp,?FUN_0045fc40@@YAXXZ,matched,100.0
0x4605c0,187,src/unsorted/0x4605c0.cpp,?FUN_004605c0@@YGXPAUGadget_004605c0@@@Z,matched,100.0
0x4609a0,15,src/unsorted/0x4609a0.cpp,?FUN_004609a0@@YAXXZ,matched,100.0
0x460f40,23,src/unsorted/0x460f40.cpp,??0Class_00460f40@@QAE@XZ,matched,100.0
0x461170,1,src/unsorted/0x461170.cpp,?FUN_00461170@@YAXPBDZZ,matched,100.0
0x461180,87,src/unsorted/0x461180.cpp,?FUN_00461180@@YGHHHPAXH@Z,matched,100.0
0x4615f0,20,src/unsorted/0x4615f0.cpp,?FUN_004615f0@Class_004615f0@@QAEXXZ,matched,100.0
0x461610,1,src/unsorted/0x461610.cpp,?FUN_00461610@Class_00461610@@QAEXXZ,matched,100.0
0x461620,3,src/unsorted/0x461620.cpp,?FUN_00461620@Class_00461620@@QAEXHHH@Z,matched,100.0
0x461820,61,src/unsorted/0x461820.cpp,?FUN_00461820@Class_00461820@@QAEXH@Z,matched,100.0
0x461860,56,src/unsorted/0x461860.cpp,?FUN_00461860@Class_00461860@@QAEXXZ,matched,100.0
0x461900,144,src/unsorted/0x461900.cpp,?FUN_00461900@Class_00461900@@QAEHHPAUMsg_00461900@@@Z,matched,100.0
0x461990,27,src/unsorted/0x461990.cpp,?FUN_00461990@Class_00461990@@QAEXHPAVClass_00462710@@HH@Z,matched,100.0
0x4619b0,46,src/unsorted/0x4619b0.cpp,?FUN_004619b0@Class_004619b0@@QAEPAXHHPAXI@Z,matched,100.0
0x4619e0,143,src/unsorted/0x4619e0.cpp,?FUN_004619e0@Class_004619e0@@QAEXH@Z,matched,100.0
0x461a70,70,src/unsorted/0x461a70.cpp,??0Class_00461a70@@QAE@XZ,matched,100.0
0x461ac0,70,src/unsorted/0x461ac0.cpp,??1Class_00461a70@@QAE@XZ,matched,100.0
0x461d60,3,src/unsorted/0x461d60.cpp,?FUN_00461d60@@YGXHHH@Z,matched,100.0
0x461d70,15,src/unsorted/0x461d70.cpp,?FUN_00461d70@@YIHPAH@Z,matched,100.0
0x461d80,24,src/unsorted/0x461d80.cpp,?FUN_00461d80@Class_00461d80@@QAEHXZ,matched,100.0
0x461da0,15,src/unsorted/0x461da0.cpp,?FUN_00461da0@Class_00461da0@@QAEHH@Z,matched,100.0
0x461f90,62,src/unsorted/0x461f90.cpp,?FUN_00461f90@Class_00461f90@@QAEXPAUItem_00461f90@@@Z,matched,100.0
0x462370,60,src/unsorted/0x462370.cpp,?FUN_00462370@Class_00462370@@QAEHH@Z,matched,100.0
0x4623b0,39,src/unsorted/0x4623b0.cpp,?FUN_004623b0@Class_004623b0@@QAEHXZ,matched,100.0
0x4623e0,137,src/unsorted/0x4623e0.cpp,?FUN_004623e0@Class_004623e0@@QAEXPAUItem_004623e0@@@Z,matched,100.0
0x462470,41,src/unsorted/0x462470.cpp,?FUN_00462470@Class_00462470@@QAEXXZ,matched,100.0
0x4626e0,48,src/unsorted/0x4626e0.cpp,?FUN_004626e0@Class_004626e0@@QAEXPAXHH0H@Z,matched,100.0
0x462860,59,src/unsorted/0x462860.cpp,?FUN_00462860@Class_00462860@@QAEXI@Z,matched,100.0
0x4628a0,33,src/unsorted/0x4628a0.cpp,?FUN_004628a0@Class_004628a0@@QAEXH@Z,matched,100.0
0x4629b0,144,src/unsorted/0x4629b0.cpp,?FUN_004629b0@Class_004629b0@@QAEXXZ,matched,100.0
0x462a40,27,src/unsorted/0x462a40.cpp,?FUN_00462a40@Class_00462a40@@QAEXXZ,matched,100.0
0x462a60,120,src/unsorted/0x462a60.cpp,?FUN_00462a60@Class_00462a60@@QAEHH@Z,matched,100.0
0x462bd0,21,src/unsorted/0x462bd0.cpp,?FUN_00462bd0@Class_00462bd0@@QAEXXZ,matched,100.0
0x462bf0,11,src/unsorted/0x462bf0.cpp,?FUN_00462bf0@Class_00462bf0@@QAEHXZ,matched,100.0
0x462cc0,106,src/unsorted/0x462cc0.cpp,??_GClass_00462d30@@UAEPAXI@Z,matched,100.0
0x462d30,84,src/unsorted/0x462d30.cpp,??1Class_00462d30@@UAE@XZ,matched,100.0
0x462ed0,88,src/unsorted/0x462ed0.cpp,?FUN_00462ed0@Class_00462ed0@@QAEHXZ,matched,100.0
0x4635b0,93,src/unsorted/0x4635b0.cpp,??0Class_004635b0@@QAE@XZ,matched,100.0
0x463610,109,src/unsorted/0x463610.cpp,?FUN_00463610@Class_004635b0@@QAEXJ@Z,matched,100.0
0x463680,41,src/unsorted/0x463680.cpp,??1Class_00463680@@QAE@XZ,matched,100.0
0x4636b0,81,src/unsorted/0x4636b0.cpp,??0Class_004636b0@@QAE@XZ,matched,100.0
0x463710,29,src/unsorted/0x463710.cpp,??1Class_004636b0@@QAE@XZ,matched,100.0
0x463730,91,src/unsorted/0x463730.cpp,?FUN_00463730@Class_00463730@@QAEHXZ,matched,100.0
0x463ba0,34,src/unsorted/0x463ba0.cpp,?FUN_00463ba0@@YAXXZ,matched,100.0
0x463bd0,1,src/unsorted/0x463bd0.cpp,?FUN_00463bd0@@YAXXZ,matched,100.0
0x463be0,82,src/unsorted/0x463be0.cpp,??0Class_00463be0@@QAE@XZ,matched,100.0
0x463c40,29,src/unsorted/0x463c40.cpp,?FUN_00463c40@Class_00463c40@@QAEXXZ,matched,100.0
0x463c60,24,src/unsorted/0x463c60.cpp,?FUN_00463c60@Class_00463c60@@QAEXH@Z,matched,100.0
0x463c80,29,src/unsorted/0x463c80.cpp,?FUN_00463c80@@YAXXZ,matched,100.0
0x463e50,146,src/unsorted/0x463e50.cpp,?FUN_00463e50@@YGXPAUPlayer_00463e50@@PADH1@Z,matched,100.0
0x463ef0,111,src/unsorted/0x463ef0.cpp,?FUN_00463ef0@@YAHXZ,matched,100.0
0x464000,87,src/unsorted/0x464000.cpp,?FUN_00464000@@YAXXZ,matched,100.0
0x464990,55,src/unsorted/0x464990.cpp,?FUN_00464990@@YAXXZ,matched,100.0
0x4649d0,48,src/unsorted/0x4649d0.cpp,?FUN_004649d0@@YAXXZ,matched,100.0
0x464ab0,13,src/unsorted/0x464ab0.cpp,?FUN_00464ab0@@YGMPAX@Z,matched,100.0
0x464ac0,13,src/unsorted/0x464ac0.cpp,?FUN_00464ac0@@YGMPAUClass_00464ac0@@@Z,matched,100.0
0x464ad0,19,src/unsorted/0x464ad0.cpp,?FUN_00464ad0@@YGMPAX@Z,matched,100.0
0x464af0,13,src/unsorted/0x464af0.cpp,?FUN_00464af0@@YGMPAX@Z,matched,100.0
0x464b00,13,src/unsorted/0x464b00.cpp,?FUN_00464b00@@YGMPAX@Z,matched,100.0
0x464b10,19,src/unsorted/0x464b10.cpp,?FUN_00464b10@@YGMPAUClass_464b10@@@Z,matched,100.0
0x464da0,55,src/unsorted/0x464da0.cpp,?FUN_00464da0@@YGXPAURange_00464da0@@@Z,matched,100.0
0x464de0,143,src/unsorted/0x464de0.cpp,?FUN_00464de0@@YGXPAUGadget_00464de0@@@Z,matched,100.0
0x465fb0,147,src/unsorted/0x465fb0.cpp,?FUN_00465fb0@@YGXPAVClass_004b4560@@@Z,matched,100.0
0x466580,67,src/unsorted/0x466580.cpp,?FUN_00466580@@YAXXZ,matched,100.0
0x466aa0,92,src/unsorted/0x466aa0.cpp,?FUN_00466aa0@@YAXXZ,matched,100.0
0x466b00,103,src/unsorted/0x466b00.cpp,?FUN_00466b00@@YGXPAX@Z,matched,100.0
0x467950,14,src/unsorted/0x467950.cpp,?FUN_00467950@@YGXPAX@Z,matched,100.0
0x467960,25,src/unsorted/0x467960.cpp,?FUN_00467960@@YGXPAUUnit_00467960@@@Z,matched,100.0
0x467980,25,src/unsorted/0x467980.cpp,?FUN_00467980@@YGXPAUUnit_00467980@@@Z,matched,100.0
0x4679a0,126,src/unsorted/0x4679a0.cpp,?FUN_004679a0@@YAXXZ,matched,100.0
0x467a20,40,src/unsorted/0x467a20.cpp,?FUN_00467a20@@YGXPAXPAFHH@Z,matched,100.0
0x467b60,157,src/unsorted/0x467b60.cpp,?FUN_00467b60@@YGXPAXHHPAURect_004b0510@@PAUColors_00467b60@@H@Z,matched,100.0
0x468310,108,src/unsorted/0x468310.cpp,?FUN_00468310@@YGXPAXPAURect_004b0510@@H@Z,matched,100.0
0x46a400,36,src/unsorted/0x46a400.cpp,?FUN_0046a400@Class_0046a400@@QAEXH@Z,matched,100.0
0x46ba80,89,src/unsorted/0x46ba80.cpp,?FUN_0046ba80@@YGXPAXPAUPoint_0046ba80@@HH@Z,matched,100.0
0x46bc60,13,src/unsorted/0x46bc60.cpp,?FUN_0046bc60@@YGXH@Z,matched,100.0
0x46bc70,108,src/unsorted/0x46bc70.cpp,?FUN_0046bc70@@YGHPADH@Z,matched,100.0
0x46bf00,27,src/unsorted/0x46bf00.cpp,?FUN_0046bf00@@YGHH@Z,matched,100.0
0x46bf20,14,src/unsorted/0x46bf20.cpp,?FUN_0046bf20@@YA_NXZ,matched,100.0
0x46c810,157,src/unsorted/0x46c810.cpp,?FUN_0046c810@@YGHH@Z,matched,100.0
0x46c8b0,16,src/unsorted/0x46c8b0.cpp,?FUN_0046c8b0@@YAXXZ,matched,100.0
0x46c8c0,3,src/unsorted/0x46c8c0.cpp,?FUN_0046c8c0@@YGXH@Z,matched,100.0
0x46c8d0,1,src/unsorted/0x46c8d0.cpp,?FUN_0046c8d0@@YAXXZ,matched,100.0
0x46c8e0,58,src/unsorted/0x46c8e0.cpp,?FUN_0046c8e0@@YGXH@Z,matched,100.0
0x46cbe0,47,src/unsorted/0x46cbe0.cpp,??0Class_0046cbe0@@QAE@XZ,matched,100.0
0x46cec0,33,src/unsorted/0x46cec0.cpp,?FUN_0046cec0@Class_0046cec0@@QAEXIPAX@Z,matched,100.0
0x46d4c0,49,src/unsorted/0x46d4c0.cpp,?FUN_0046d4c0@Class_0046d4c0@@QAEXPAIPAUParamStruct_0046d4c0@@H@Z,matched,100.0
0x46d500,33,src/unsorted/0x46d500.cpp,?FUN_0046d500@Class_0046d500@@QAEXPAXH@Z,matched,100.0
0x46d530,122,src/unsorted/0x46d530.cpp,?FUN_0046d530@Class_0046d4c0@@QAEXEHHH@Z,matched,100.0
0x46d5b0,117,src/unsorted/0x46d5b0.cpp,?FUN_0046d5b0@Class_0046d4c0@@QAEXPAUTarget_0046d5b0@@EHHH@Z,matched,100.0
0x46d630,134,src/unsorted/0x46d630.cpp,?FUN_0046d630@Class_0046d630@@QAEXPAUTarget_0046d630@@EPAUSource_0046d630@@H@Z,matched,100.0
0x46ded0,111,src/unsorted/0x46ded0.cpp,??1Class_0046ded0@@QAE@XZ,matched,100.0
0x46df40,185,src/unsorted/0x46df40.cpp,?FUN_0046df40@Class_0046df40@@QAEPADXZ,matched,100.0
0x46e330,134,src/unsorted/0x46e330.cpp,?FUN_0046e330@Class_0046e330@@QAEHPAUUnit_0046e330@@PAURect_0046e330@@@Z,matched,100.0
0x46e450,122,src/unsorted/0x46e450.cpp,?FUN_0046e450@Class_0046e450@@QAEHPAUUnit_0046e450@@@Z,matched,100.0
0x46e4d0,122,src/unsorted/0x46e4d0.cpp,?FUN_0046e4d0@Class_0046e4d0@@QAEHPAUUnit_0046e4d0@@@Z,matched,100.0
0x46e550,106,src/unsorted/0x46e550.cpp,?FUN_0046e550@Class_0046e330@@QAEXPAUUnit_0046e330@@H@Z,matched,100.0
0x46e5c0,24,src/unsorted/0x46e5c0.cpp,?FUN_0046e5c0@Class_0046e5c0@@QAEPAU1@PAD@Z,matched,100.0
0x46e5e0,34,src/unsorted/0x46e5e0.cpp,??1Class_0046e5e0@@QAE@XZ,matched,100.0
0x46e610,34,src/unsorted/0x46e610.cpp,??1Class_0046e610@@QAE@XZ,matched,100.0
0x46e870,3,src/unsorted/0x46e870.cpp,?_Destroy@?$vector@UElem_0046faf0@@V?$allocator@UElem_0046faf0@@@std@@@std@@IAEXPAUElem_0046faf0@@0@Z,matched,100.0
0x46e880,14,src/unsorted/0x46e880.cpp,?FUN_0046e880@Class_0046e880@@QAEPAHPAH@Z,matched,100.0
0x46e9b0,88,src/unsorted/0x46e9b0.cpp,?FUN_0046e9b0@Class_0046e9b0@@QAE?AVIter_0046e9b0@@ABI@Z,matched,100.0
0x46ea10,132,src/unsorted/0x46ea10.cpp,?FUN_0046ea10@Class_0046ea10@@QAEXXZ,matched,100.0
0x46eb60,52,src/unsorted/0x46eb60.cpp,?erase@?$list@HV?$allocator@H@std@@@std@@QAE?AViterator@12@V312@@Z,matched,100.0
0x46f6d0,79,src/unsorted/0x46f6d0.cpp,?FUN_0046f6d0@Class_0046f6d0@@QAEXPAUNode_0046f6d0@@@Z,matched,100.0
0x46f720,124,src/unsorted/0x46f720.cpp,?FUN_0046f720@Class_0046f720@@QAEXXZ,matched,100.0
0x46fac0,15,src/unsorted/0x46fac0.cpp,??Eiterator@?$list@HV?$allocator@H@std@@@std@@QAE?AV012@H@Z,matched,100.0
0x46fad0,22,src/unsorted/0x46fad0.cpp,??0Class_0046fad0@@QAE@ABQAUNode_0046fad0@@AB_N@Z,matched,100.0
0x46faf0,74,src/unsorted/0x46faf0.cpp,?_Ucopy@?$vector@UElem_0046faf0@@V?$allocator@UElem_0046faf0@@@std@@@std@@IAEPAUElem_0046faf0@@PBU3@0PAU3@@Z,matched,100.0
0x46fb40,63,src/unsorted/0x46fb40.cpp,?_Ufill@?$vector@UElem_0046faf0@@V?$allocator@UElem_0046faf0@@@std@@@std@@IAEXPAUElem_0046faf0@@IABU3@@Z,matched,100.0
0x46fe60,79,src/unsorted/0x46fe60.cpp,?FUN_0046fe60@Class_0046fe60@@QAEPAUNode_0046fe60@@PBI@Z,matched,100.0
0x46feb0,90,src/unsorted/0x46feb0.cpp,?FUN_0046feb0@Class_0046feb0@@QAEXPAUNode_0046feb0@@@Z,matched,100.0
0x46ff10,92,src/unsorted/0x46ff10.cpp,?FUN_0046ff10@Class_0046ff10@@QAEXPAUNode_0046ff10@@@Z,matched,100.0
0x46ff70,27,src/unsorted/0x46ff70.cpp,?FUN_0046ff70@Class_0046ff70@@QAEPAUNode_0046ff70@@PAU2@H@Z,matched,100.0
0x46ff90,159,src/unsorted/0x46ff90.cpp,?FUN_0046ff90@Class_0046ff90@@QAEXXZ,matched,100.0
0x470030,3,src/unsorted/0x470030.cpp,?FUN_00470030@@YGXH@Z,matched,100.0
0x470250,19,src/unsorted/0x470250.cpp,?FUN_00470250@Class_00470250@@QAEHXZ,matched,100.0
0x470270,19,src/unsorted/0x470270.cpp,?FUN_00470270@Class_00470270@@QAEHXZ,matched,100.0
0x470290,3,src/unsorted/0x470290.cpp,?_Destroy@?$vector@UElem_004702a0@@V?$allocator@UElem_004702a0@@@std@@@std@@IAEXPAUElem_004702a0@@0@Z,matched,100.0
0x4702a0,46,src/unsorted/0x4702a0.cpp,?_Ucopy@?$vector@UElem_004702a0@@V?$allocator@UElem_004702a0@@@std@@@std@@IAEPAUElem_004702a0@@PBU3@0PAU3@@Z,matched,100.0
0x4702d0,42,src/unsorted/0x4702d0.cpp,?FUN_004702d0@@YGPAHPAH00@Z,matched,100.0
0x470300,132,src/unsorted/0x470300.cpp,??_GClass_0046ded0@@QAEPAXI@Z,matched,100.0
0x470770,35,src/unsorted/0x470770.cpp,?FUN_00470770@Class_00470770@@QAEHXZ,matched,100.0
0x470a40,70,src/unsorted/0x470a40.cpp,?FUN_00470a40@@YGPAUElem_00470a40@@PAU1@00@Z,matched,100.0
0x470a90,70,src/unsorted/0x470a90.cpp,?FUN_00470a90@Class_00470a90@@QAEPAVClass_00470ae0@@HH@Z,matched,100.0
0x470ae0,151,src/unsorted/0x470ae0.cpp,??_GClass_00470ae0@@UAEPAXI@Z,matched,100.0
0x470b80,130,src/unsorted/0x470b80.cpp,?FUN_00470b80@Class_00470b80@@QAEXXZ,matched,100.0
0x470e50,95,src/unsorted/0x470e50.cpp,?FUN_00470e50@Class_00470e50@@QAEXXZ,matched,100.0
0x470eb0,28,src/unsorted/0x470eb0.cpp,?FUN_00470eb0@Class_00470eb0@@QAEHH@Z,matched,100.0
0x470ed0,20,src/unsorted/0x470ed0.cpp,?FUN_00470ed0@Class_00470ed0@@QAEXH@Z,matched,100.0
0x470ef0,3,src/unsorted/0x470ef0.cpp,?_Destroy@?$vector@UElem_00470f00@@V?$allocator@UElem_00470f00@@@std@@@std@@IAEXPAUElem_00470f00@@0@Z,matched,100.0
0x470f00,46,src/unsorted/0x470f00.cpp,?_Ucopy@?$vector@UElem_00470f00@@V?$allocator@UElem_00470f00@@@std@@@std@@IAEPAUElem_00470f00@@PBU3@0PAU3@@Z,matched,100.0
0x470f30,35,src/unsorted/0x470f30.cpp,?_Ufill@?$vector@UElem_00470f00@@V?$allocator@UElem_00470f00@@@std@@@std@@IAEXPAUElem_00470f00@@IABU3@@Z,matched,100.0
0x470f60,19,src/unsorted/0x470f60.cpp,?FUN_00470f60@@YGXPAH0@Z,matched,100.0
0x470f80,42,src/unsorted/0x470f80.cpp,??0Class_00470fb0@@QAE@XZ,matched,100.0
0x470fb0,154,src/unsorted/0x470fb0.cpp,??1Class_00470fb0@@QAE@XZ,matched,100.0
0x471050,132,src/unsorted/0x471050.cpp,?FUN_00471050@Class_00470fb0@@QAEXXZ,matched,100.0
0x4710e0,55,src/unsorted/0x4710e0.cpp,?FUN_004710e0@Class_00470fb0@@QAEXPAX@Z,matched,100.0
0x471120,51,src/unsorted/0x471120.cpp,?FUN_00471120@Class_00471120@@QAEXPAXF@Z,matched,100.0
0x471430,63,src/unsorted/0x471430.cpp,??_GClass_00471430@@UAEPAXI@Z,matched,100.0
0x471560,63,src/unsorted/0x471560.cpp,??_GClass_00471560@@UAEPAXI@Z,matched,100.0
0x4716a0,63,src/unsorted/0x4716a0.cpp,??_GClass_004716a0@@UAEPAXI@Z,matched,100.0
0x4717e0,63,src/unsorted/0x4717e0.cpp,??_GClass_004717e0@@UAEPAXI@Z,matched,100.0
0x471c80,31,src/unsorted/0x471c80.cpp,?FUN_00471c80@@YAXXZ,matched,100.0
0x471ca0,31,src/unsorted/0x471ca0.cpp,?FUN_00471ca0@@YAXXZ,matched,100.0
0x471cc0,16,src/unsorted/0x471cc0.cpp,??0Class_00471cc0@@QAE@XZ,matched,100.0
0x471cd0,34,src/unsorted/0x471cd0.cpp,??_GClass_00471cc0@@UAEPAXI@Z,matched,100.0
0x471d00,7,src/unsorted/0x471d00.cpp,??1Class_00471cc0@@UAE@XZ,matched,100.0
0x471d10,62,src/unsorted/0x471d10.cpp,??2Class_00471cc0@@SGPAXI@Z,matched,100.0
0x471d50,18,src/unsorted/0x471d50.cpp,??3Class_00471cc0@@SGXPAX@Z,matched,100.0
0x471d70,23,src/unsorted/0x471d70.cpp,?FUN_00471d70@Class_00471d70@@QAEXH@Z,matched,100.0
0x471d90,68,src/unsorted/0x471d90.cpp,?FUN_00471d90@@YAXXZ,matched,100.0
0x471eb0,143,src/unsorted/0x471eb0.cpp,?FUN_00471eb0@@YAXXZ,matched,100.0
0x471f40,66,src/unsorted/0x471f40.cpp,?FUN_00471f40@@YGXH@Z,matched,100.0
0x471f90,62,src/unsorted/0x471f90.cpp,?FUN_00471f90@@YGXPAXF@Z,matched,100.0
0x472d30,19,src/unsorted/0x472d30.cpp,?FUN_00472d30@Class_00472d30@@QAEHXZ,matched,100.0
0x472e00,33,src/unsorted/0x472e00.cpp,?FUN_00472e00@Class_00472e00@@QAEHXZ,matched,100.0
0x472e30,64,src/unsorted/0x472e30.cpp,?FUN_00472e30@Class_00472e30@@QAEXPAX@Z,matched,100.0
0x472e70,55,src/unsorted/0x472e70.cpp,?FUN_00472e70@Class_00472e70@@QAEHXZ,matched,100.0
0x472f60,33,src/unsorted/0x472f60.cpp,?FUN_00472f60@Class_00472f60@@QAEHXZ,matched,100.0
0x472f90,64,src/unsorted/0x472f90.cpp,?FUN_00472f90@Class_00472fd0@@QAEXH@Z,matched,100.0
0x472fd0,55,src/unsorted/0x472fd0.cpp,?FUN_00472fd0@Class_00472fd0@@QAEHXZ,matched,100.0
0x4730c0,33,src/unsorted/0x4730c0.cpp,?FUN_004730c0@Class_004730c0@@QAEHXZ,matched,100.0
0x4730f0,64,src/unsorted/0x4730f0.cpp,?FUN_004730f0@Class_004730f0@@QAEXH@Z,matched,100.0
0x473130,57,src/unsorted/0x473130.cpp,?FUN_00473130@Class_00473130@@QAEHXZ,matched,100.0
0x473220,33,src/unsorted/0x473220.cpp,?FUN_00473220@Class_00473220@@QAEHXZ,matched,100.0
0x473250,64,src/unsorted/0x473250.cpp,?FUN_00473250@Class_00473250@@QAEXH@Z,matched,100.0
0x473290,55,src/unsorted/0x473290.cpp,?FUN_00473290@Class_00473290@@QAEHXZ,matched,100.0
0x4732d0,3,src/unsorted/0x4732d0.cpp,?_Destroy@?$vector@UElem_00473500@@V?$allocator@UElem_00473500@@@std@@@std@@IAEXPAUElem_00473500@@0@Z,matched,100.0
0x473500,46,src/unsorted/0x473500.cpp,?_Ucopy@?$vector@UElem_00473500@@V?$allocator@UElem_00473500@@@std@@@std@@IAEPAUElem_00473500@@PBU3@0PAU3@@Z,matched,100.0
0x473530,35,src/unsorted/0x473530.cpp,?_Ufill@?$vector@UElem_00473500@@V?$allocator@UElem_00473500@@@std@@@std@@IAEXPAUElem_00473500@@IABU3@@Z,matched,100.0
0x473560,45,src/unsorted/0x473560.cpp,?FUN_00473560@Class_00473560@@QAEXXZ,matched,100.0
0x4736c0,19,src/unsorted/0x4736c0.cpp,?FUN_004736c0@Class_004736c0@@QAEHH@Z,matched,100.0
0x4739b0,69,src/unsorted/0x4739b0.cpp,?FUN_004739b0@Class_004739b0@@QAEXXZ,matched,100.0
0x473b30,19,src/unsorted/0x473b30.cpp,?FUN_00473b30@Class_00473b30@@QAEHH@Z,matched,100.0
0x474130,60,src/unsorted/0x474130.cpp,?FUN_00474130@Class_00474130@@QAEXXZ,matched,100.0
0x4742a0,19,src/unsorted/0x4742a0.cpp,?FUN_004742a0@Class_004742a0@@QAEHH@Z,matched,100.0
0x474580,90,src/unsorted/0x474580.cpp,?FUN_00474580@Class_00474580@@QAEXXZ,matched,100.0
0x474720,51,src/unsorted/0x474720.cpp,?FUN_00474720@Class_00474720@@QAEHH@Z,matched,100.0
0x474b00,127,src/unsorted/0x474b00.cpp,?FUN_00474b00@Class_00474b00@@QAEXXZ,matched,100.0
0x474cb0,20,src/unsorted/0x474cb0.cpp,?FUN_00474cb0@Class_00474cb0@@QAEHH@Z,matched,100.0
0x474cd0,53,src/unsorted/0x474cd0.cpp,??0Class_00474cd0@@QAE@XZ,matched,100.0
0x474d10,58,src/unsorted/0x474d10.cpp,??_GClass_00474cd0@@UAEPAXI@Z,matched,100.0
0x474d50,147,src/unsorted/0x474d50.cpp,?FUN_00474d50@Class_00474d50@@QAEXPAUVec3_00474d50@@HHHHH@Z,matched,100.0
0x474f80,56,src/unsorted/0x474f80.cpp,?FUN_00474f80@Class_00474f80@@QAEHXZ,matched,100.0
0x474fc0,127,src/unsorted/0x474fc0.cpp,?FUN_00474fc0@Class_00474fc0@@QAEXXZ,matched,100.0
0x475040,72,src/unsorted/0x475040.cpp,?FUN_00475040@Class_00475040@@QAEXPAXFF@Z,matched,100.0
0x475090,20,src/unsorted/0x475090.cpp,?FUN_00475090@Class_00475090@@QAEHH@Z,matched,100.0
0x4750b0,53,src/unsorted/0x4750b0.cpp,??0Class_004750b0@@QAE@XZ,matched,100.0
0x4750f0,19,src/unsorted/0x4750f0.cpp,?FUN_004750f0@Class_004750f0@@QAE_NXZ,matched,100.0
0x475110,58,src/unsorted/0x475110.cpp,??_GClass_004750b0@@UAEPAXI@Z,matched,100.0
0x475150,105,src/unsorted/0x475150.cpp,?FUN_00475150@Class_00475150@@QAEXPAUVec3_00475150@@HHH@Z,matched,100.0
0x475330,3,src/unsorted/0x475330.cpp,?FUN_00475330@@YAHXZ,matched,100.0
0x475440,33,src/unsorted/0x475440.cpp,?FUN_00475440@Class_00475440@@QAEHXZ,matched,100.0
0x475700,108,src/unsorted/0x475700.cpp,?FUN_00472e30@Class_004750b0@@UAEXH@Z,matched,100.0
0x475840,33,src/unsorted/0x475840.cpp,?FUN_00475840@Class_00475840@@QAEHXZ,matched,100.0
0x475870,3,src/unsorted/0x475870.cpp,?_Destroy@?$vector@UElem_00475880@@V?$allocator@UElem_00475880@@@std@@@std@@IAEXPAUElem_00475880@@0@Z,matched,100.0
0x475880,58,src/unsorted/0x475880.cpp,?_Ucopy@?$vector@UElem_00475880@@V?$allocator@UElem_00475880@@@std@@@std@@IAEPAUElem_00475880@@PBU3@0PAU3@@Z,matched,100.0
0x476710,48,src/unsorted/0x476710.cpp,?_Ufill@?$vector@UElem_00475880@@V?$allocator@UElem_00475880@@@std@@@std@@IAEXPAUElem_00475880@@IABU3@@Z,matched,100.0
0x476740,148,src/unsorted/0x476740.cpp,?FUN_00476740@@YGXPADH@Z,matched,100.0
0x4767e0,12,src/unsorted/0x4767e0.cpp,?FUN_004767e0@@YAHXZ,matched,100.0
0x4767f0,50,src/unsorted/0x4767f0.cpp,?FUN_004767f0@@YAXXZ,matched,100.0
0x4769f0,105,src/unsorted/0x4769f0.cpp,?FUN_004769f0@@YGHPAPAX@Z,matched,100.0
0x476c70,42,src/unsorted/0x476c70.cpp,?FUN_00476c70@@YAXXZ,matched,100.0
0x476ca0,42,src/unsorted/0x476ca0.cpp,?FUN_00476ca0@@YAXXZ,matched,100.0
0x476e90,86,src/unsorted/0x476e90.cpp,?FUN_00476e90@@YGPADPADHH@Z,matched,100.0
0x4774d0,60,src/unsorted/0x4774d0.cpp,?FUN_004774d0@@YAHXZ,matched,100.0
0x477510,134,src/unsorted/0x477510.cpp,?FUN_00477510@@YGXPAUObject_00477510@@@Z,matched,100.0
0x4794d0,37,src/unsorted/0x4794d0.cpp,?FUN_004794d0@@YAHXZ,matched,100.0
0x479500,37,src/unsorted/0x479500.cpp,?FUN_00479500@@YAHXZ,matched,100.0
0x479530,41,src/unsorted/0x479530.cpp,?FUN_00479530@@YAHXZ,matched,100.0
0x479560,41,src/unsorted/0x479560.cpp,?FUN_00479560@@YAHXZ,matched,100.0
0x479590,80,src/unsorted/0x479590.cpp,?FUN_00479590@@YGHHH@Z,matched,100.0
0x4795e0,59,src/unsorted/0x4795e0.cpp,?FUN_004795e0@@YAHXZ,matched,100.0
0x479620,50,src/unsorted/0x479620.cpp,?FUN_00479620@@YGHH@Z,matched,100.0
0x479760,122,src/unsorted/0x479760.cpp,?FUN_00479760@@YAHXZ,matched,100.0
0x479bf0,92,src/unsorted/0x479bf0.cpp,?FUN_00479bf0@@YGXPAUObj_00479bf0@@PAD@Z,matched,100.0
0x47a700,89,src/unsorted/0x47a700.cpp,?FUN_0047a700@@YGHHH@Z,matched,100.0
0x47a8e0,40,src/unsorted/0x47a8e0.cpp,?FUN_0047a8e0@@YAXXZ,matched,100.0
0x47aaa0,70,src/unsorted/0x47aaa0.cpp,?FUN_0047aaa0@@YGXPAUMenu_0047aaa0@@H@Z,matched,100.0
0x47acb0,31,src/unsorted/0x47acb0.cpp,?FUN_0047acb0@@YGXPAX0@Z,matched,100.0
0x47ae30,45,src/unsorted/0x47ae30.cpp,?FUN_0047ae30@@YAXXZ,matched,100.0
0x47bd70,117,src/unsorted/0x47bd70.cpp,?FUN_0047bd70@@YGXPAUPlayer_0047bd70@@@Z,matched,100.0
0x47bf20,80,src/unsorted/0x47bf20.cpp,?FUN_0047bf20@Class_0047bf20@@QAEXXZ,matched,100.0
0x47c230,104,src/unsorted/0x47c230.cpp,?FUN_0047c230@Class_0047c230@@QAEXH@Z,matched,100.0
0x47c2a0,72,src/unsorted/0x47c2a0.cpp,?FUN_0047c2a0@Class_0047c2a0@@QAEXXZ,matched,100.0
0x47c2f0,54,src/unsorted/0x47c2f0.cpp,?FUN_0047c2f0@Class_0047c2f0@@QAEXXZ,matched,100.0
0x47c330,106,src/unsorted/0x47c330.cpp,?FUN_0047c330@Class_0047c330@@QAEXPAX@Z,matched,100.0
0x47c4d0,94,src/unsorted/0x47c4d0.cpp,?FUN_0047c4d0@@YAXXZ,matched,100.0
0x47c770,6,src/unsorted/0x47c770.cpp,?FUN_0047c770@@YAHXZ,matched,100.0
0x47c780,6,src/unsorted/0x47c780.cpp,?FUN_0047c780@@YAHXZ,matched,100.0
0x47cac0,33,src/unsorted/0x47cac0.cpp,?FUN_0047cac0@@YGXUPt_0047db20@@0@Z,matched,100.0
0x47caf0,1,src/unsorted/0x47caf0.cpp,?FUN_0047caf0@@YAXXZ,matched,100.0
0x47cb00,51,src/unsorted/0x47cb00.cpp,?FUN_0047cb00@Class_0047cb00@@QAEXPAUNode_0047cb00@@@Z,matched,100.0
0x47cb40,19,src/unsorted/0x47cb40.cpp,?FUN_0047cb40@Class_0047cb40@@QAEXH@Z,matched,100.0
0x47cb60,99,src/unsorted/0x47cb60.cpp,?FUN_0047cb60@@YGXPAUUnit_0047cb60@@PAUOwner_0047cb60@@@Z,matched,100.0
0x47cbd0,83,src/unsorted/0x47cbd0.cpp,?FUN_0047cbd0@@YGXPAUUnit_0047cb60@@@Z,matched,100.0
0x47dac0,84,src/unsorted/0x47dac0.cpp,?FUN_0047dac0@@YGXPAUObj_0047dac0@@H@Z,matched,100.0
0x47db20,65,src/unsorted/0x47db20.cpp,?FUN_0047db20@@YGXPAUObj_0047db20@@@Z,matched,100.0
0x47ddc0,158,src/unsorted/0x47ddc0.cpp,?FUN_0047ddc0@@YGXPAUUnit_0047ddc0@@PAUVec3_0047ddc0@@@Z,matched,100.0
0x47e570,75,src/unsorted/0x47e570.cpp,?FUN_0047e570@@YGHPAUStruct_0047e570@@H@Z,matched,100.0
0x47e750,307,src/unsorted/0x47e750.cpp,?FUN_0047e750@@YGXHHHHPAVVisitor_0047e750@@@Z,matched,100.0
0x47ed30,13,src/unsorted/0x47ed30.cpp,?FUN_0047ed30@@YGXH@Z,matched,100.0
0x47efc0,11,src/unsorted/0x47efc0.cpp,?FUN_0047efc0@@YAXXZ,matched,100.0
0x47efd0,16,src/unsorted/0x47efd0.cpp,?FUN_0047efd0@@YAXXZ,matched,100.0
0x47efe0,121,src/unsorted/0x47efe0.cpp,?FUN_0047efe0@@YGPAXPBD@Z,matched,100.0
0x47f060,47,src/unsorted/0x47f060.cpp,?FUN_0047f060@@YGXPAPAUIDirectSoundBuffer@@@Z,matched,100.0
0x47f090,40,src/unsorted/0x47f090.cpp,?FUN_0047f090@@YGXPADHH@Z,matched,100.0
0x47f210,121,src/unsorted/0x47f210.cpp,?FUN_0047f210@@YGXPADH@Z,matched,100.0
0x47f290,106,src/unsorted/0x47f290.cpp,?FUN_0047f290@@YGHPAD@Z,matched,100.0
0x47f610,106,src/unsorted/0x47f610.cpp,?FUN_0047f610@@YGXPADHH@Z,matched,100.0
0x47f750,37,src/unsorted/0x47f750.cpp,?FUN_0047f750@@YAXXZ,matched,100.0
0x47f780,93,src/unsorted/0x47f780.cpp,?FUN_0047f780@@YGXPAUUnit_0047f780@@HPAD@Z,matched,100.0
0x47f7e0,102,src/unsorted/0x47f7e0.cpp,?FUN_0047f7e0@@YGXPAUUnit_0047f7e0@@HPAD@Z,matched,100.0
0x47f850,102,src/unsorted/0x47f850.cpp,?FUN_0047f850@@YGXPAUUnit_0047f850@@HPAD@Z,matched,100.0
0x47f8c0,150,src/unsorted/0x47f8c0.cpp,?FUN_0047f8c0@@YGXH@Z,matched,100.0
0x47f960,39,src/unsorted/0x47f960.cpp,??0Class_0047f960@@QAE@HH@Z,matched,100.0
0x47f990,146,src/unsorted/0x47f990.cpp,?FUN_0047f990@Class_0047f990@@QAEXXZ,matched,100.0
0x47fa30,146,src/unsorted/0x47fa30.cpp,?FUN_0047fa30@Class_0047fa30@@QAEXXZ,matched,100.0
0x47ffa0,123,src/unsorted/0x47ffa0.cpp,?FUN_0047ffa0@Class_0047ffa0@@QAEXH@Z,matched,100.0
0x4800c0,60,src/unsorted/0x4800c0.cpp,?FUN_004800c0@Class_004800c0@@QAEPAPAUUnit_004800c0@@PAPAU2@@Z,matched,100.0
0x480100,93,src/unsorted/0x480100.cpp,?FUN_00480100@Class_00480100@@QAEHH@Z,matched,100.0
0x480160,42,src/unsorted/0x480160.cpp,??0Class_00480160@@QAE@HH@Z,matched,100.0
0x480190,86,src/unsorted/0x480190.cpp,?FUN_00480190@@YGXPAUOwner_00480190@@@Z,matched,100.0
0x4801f0,83,src/unsorted/0x4801f0.cpp,?FUN_004801f0@@YGXPAUOwner_004801f0@@@Z,matched,100.0
0x480460,120,src/unsorted/0x480460.cpp,?FUN_00480460@@YGXPAUOwner_00480460@@HEHPAUUnit_00480460@@HHH@Z,matched,100.0
0x4804e0,40,src/unsorted/0x4804e0.cpp,?FUN_004804e0@@YGHHHH@Z,matched,100.0
0x480510,83,src/unsorted/0x480510.cpp,?FUN_00480510@@YG?AUPoint_00480510@@U1@0F@Z,matched,100.0
0x480570,49,src/unsorted/0x480570.cpp,?FUN_00480570@@YGHUPoint_00480570@@0@Z,matched,100.0
0x480720,78,src/unsorted/0x480720.cpp,?FUN_00480720@@YGDUPoint_00480720@@0@Z,matched,100.0
0x480c30,31,src/unsorted/0x480c30.cpp,?FUN_00480c30@Class_00480c30@@QAEHHH@Z,matched,100.0
0x480c50,95,src/unsorted/0x480c50.cpp,?FUN_00480c50@Class_00480c50@@QAEXHHH@Z,matched,100.0
0x480cb0,34,src/unsorted/0x480cb0.cpp,?FUN_00480cb0@Class_00480cb0@@QAEHHH@Z,matched,100.0
0x480ce0,96,src/unsorted/0x480ce0.cpp,?FUN_00480ce0@Class_00485e30@@UAEXHHH@Z,matched,100.0
0x480d40,13,src/unsorted/0x480d40.cpp,?FUN_00480d40@Class_00480d40@@QAEXH@Z,matched,100.0
0x480d50,93,src/unsorted/0x480d50.cpp,?FUN_00480d50@Class_00480d50@@QAEXHH@Z,matched,100.0
0x480db0,61,src/unsorted/0x480db0.cpp,?FUN_00480db0@Class_00485e30@@QAEXHH@Z,matched,100.0
0x480df0,62,src/unsorted/0x480df0.cpp,?FUN_00480df0@Class_00485e30@@QAEXHH@Z,matched,100.0
0x480e30,26,src/unsorted/0x480e30.cpp,?FUN_00480e30@Class_00480e30@@QAEHH@Z,matched,100.0
0x480e50,28,src/unsorted/0x480e50.cpp,?FUN_00480e50@Class_00480e50@@QAEEH@Z,matched,100.0
0x480e70,29,src/unsorted/0x480e70.cpp,?FUN_00480e70@Class_00480e70@@QAEIH@Z,matched,100.0
0x480e90,3,src/unsorted/0x480e90.cpp,?FUN_00480e90@@YGXHHH@Z,matched,100.0
0x480ea0,3,src/unsorted/0x480ea0.cpp,?FUN_00480ea0@@YGXH@Z,matched,100.0
0x481340,111,src/unsorted/0x481340.cpp,?FUN_00481340@Class_00481340@@QAEXGHH@Z,matched,100.0
0x4813b0,123,src/unsorted/0x4813b0.cpp,?FUN_004813b0@Class_004813b0@@QAEXG@Z,matched,100.0
0x481430,62,src/unsorted/0x481430.cpp,?FUN_00481430@Class_00481430@@QAEHH@Z,matched,100.0
0x481470,32,src/unsorted/0x481470.cpp,?FUN_00481470@Class_00481470@@QAEGXZ,matched,100.0
0x481490,18,src/unsorted/0x481490.cpp,?FUN_00481490@Class_00481490@@QAEXH@Z,matched,100.0
0x4814b0,5,src/unsorted/0x4814b0.cpp,?FUN_004814b0@@YGHHHHH@Z,matched,100.0
0x4814c0,42,src/unsorted/0x4814c0.cpp,_$E4,matched,100.0
0x4814f0,10,src/unsorted/0x4814f0.cpp,?FUN_004814f0@@YAXXZ,matched,100.0
0x481500,46,src/unsorted/0x481500.cpp,?FUN_00481500@@YAXXZ,matched,100.0
0x481530,21,src/unsorted/0x481530.cpp,?FUN_00481530@@YAXXZ,matched,100.0
0x481550,70,src/unsorted/0x481550.cpp,?FUN_00481550@@YGPAUCell_00481550@@HH@Z,matched,100.0
0x4815a0,77,src/unsorted/0x4815a0.cpp,?FUN_004815a0@@YGPAUCell_004815a0@@PAUVec3_004815a0@@@Z,matched,100.0
0x482090,127,src/unsorted/0x482090.cpp,?FUN_00482090@@YGXPAUUnit_482090@@@Z,matched,100.0
0x482110,28,src/unsorted/0x482110.cpp,?FUN_00482110@@YGHPAUClass_00482110@@@Z,matched,100.0
0x4827b0,127,src/unsorted/0x4827b0.cpp,?FUN_004827b0@@YGXPAUUnit_4827b0@@@Z,matched,100.0
0x483370,63,src/unsorted/0x483370.cpp,?FUN_00483370@@YAXXZ,matched,100.0
0x484ce0,117,src/unsorted/0x484ce0.cpp,?FUN_00484ce0@@YGXPAVClass_004b4560@@@Z,matched,100.0
0x484d60,142,src/unsorted/0x484d60.cpp,?FUN_00484d60@@YGXPAVClass_004b4560@@@Z,matched,100.0
0x484df0,142,src/unsorted/0x484df0.cpp,?FUN_00484df0@@YGXPAVClass_004b4560@@@Z,matched,100.0
0x484f50,78,src/unsorted/0x484f50.cpp,?FUN_00484f50@@YGXPAVClass_004b4560@@@Z,matched,100.0
0x484fa0,97,src/unsorted/0x484fa0.cpp,?FUN_00484fa0@@YGXPAVClass_004b4560@@@Z,matched,100.0
0x485010,88,src/unsorted/0x485010.cpp,?FUN_00485010@@YGHPAUPoint16_00485010@@@Z,matched,100.0
0x485140,117,src/unsorted/0x485140.cpp,?FUN_00485140@@YGHPAUPos_00485140@@@Z,partial,70.5
0x485330,117,src/unsorted/0x485330.cpp,?FUN_00485330@@YGXHHPAUPos_00485330@@@Z,matched,100.0
0x4853b0,106,src/unsorted/0x4853b0.cpp,?FUN_004853b0@@YGXPAUVec3_004853b0@@@Z,matched,100.0
0x485420,115,src/unsorted/0x485420.cpp,?FUN_00485420@@YGXEE@Z,matched,100.0
0x485940,53,src/unsorted/0x485940.cpp,?FUN_00485940@@YGHPAUItem_00485940@@0@Z,matched,100.0
0x485e30,30,src/unsorted/0x485e30.cpp,??_GClass_00485e30@@UAEPAXI@Z,matched,100.0
0x485e50,54,src/unsorted/0x485e50.cpp,?FUN_00485e50@@YGXPAUUnit_00485e50@@@Z,matched,100.0
0x486360,247,src/unsorted/0x486360.cpp,?FUN_00486360@@YGXPAUUnit_486360@@HH@Z,matched,100.0
0x486460,74,src/unsorted/0x486460.cpp,?FUN_00486460@@YGHPAUUnit_00486460@@@Z,matched,100.0
0x486e80,71,src/unsorted/0x486e80.cpp,?FUN_00486e80@@YGXF@Z,matched,100.0
0x486ed0,58,src/unsorted/0x486ed0.cpp,?FUN_00486ed0@@YAXXZ,matched,100.0
0x488920,59,src/unsorted/0x488920.cpp,?FUN_00488920@@YGXPAPAUItem_00485940@@PAU1@P6GH11@Z@Z,matched,100.0
0x488960,98,src/unsorted/0x488960.cpp,?FUN_00488960@@YGPAPAUItem_00485940@@PAPAU1@0PAU1@P6GH11@Z@Z,matched,100.0
0x4889d0,42,src/unsorted/0x4889d0.cpp,_$E5,matched,100.0
0x488a00,67,src/unsorted/0x488a00.cpp,_$E3,matched,100.0
0x488be0,11,src/unsorted/0x488be0.cpp,?FUN_00488be0@@YAXXZ,matched,100.0
0x488bf0,90,src/unsorted/0x488bf0.cpp,?FUN_00488bf0@@YAXXZ,matched,100.0
0x488f30,124,src/unsorted/0x488f30.cpp,?FUN_00488f30@@YGMPAUUnit_00488f30@@@Z,matched,100.0
0x489240,27,src/unsorted/0x489240.cpp,?FUN_00489240@Class_00489240@@QAEPAV1@PAV1@@Z,matched,100.0
0x489260,27,src/unsorted/0x489260.cpp,??0Class_00489260@@QAE@ABV0@@Z,matched,100.0
0x4894f0,68,src/unsorted/0x4894f0.cpp,?FUN_004894f0@@YGHPAUUnit_004894f0@@F@Z,matched,100.0
0x489540,49,src/unsorted/0x489540.cpp,?FUN_00489540@Class_00489540@@QAEXPAUOwner_00489540@@@Z,matched,100.0
0x489580,53,src/unsorted/0x489580.cpp,?FUN_00489580@Class_00489540@@QAEXXZ,matched,100.0
0x4895c0,64,src/unsorted/0x4895c0.cpp,??0Class_004895c0@@QAE@PAUOwner_004895c0@@H@Z,matched,100.0
0x489600,77,src/unsorted/0x489600.cpp,??_GClass_004895c0@@UAEPAXI@Z,matched,100.0
0x489650,59,src/unsorted/0x489650.cpp,?FUN_00489650@Class_00489650@@QAEXXZ,matched,100.0
0x489690,96,src/unsorted/0x489690.cpp,?FUN_00489690@Class_004895c0@@QAEXPAUOwner_004895c0@@@Z,matched,100.0
0x4896f0,79,src/unsorted/0x4896f0.cpp,?FUN_004896f0@Class_004896f0@@QAEXXZ,matched,100.0
0x4897b0,44,src/unsorted/0x4897b0.cpp,?FUN_004897b0@@YGXPAUObj_004897b0@@H@Z,matched,100.0
0x4897e0,26,src/unsorted/0x4897e0.cpp,?FUN_004897e0@Class_004897e0@@QAEEXZ,matched,100.0
0x489960,65,src/unsorted/0x489960.cpp,?FUN_00489960@Class_00489960@@QAEHPAX@Z,matched,100.0
0x489a70,32,src/unsorted/0x489a70.cpp,?FUN_00489a70@Class_00489a70@@QAEHXZ,matched,100.0
0x48a060,51,src/unsorted/0x48a060.cpp,?FUN_0048a060@@YGXPAD0H@Z,matched,100.0
0x48a0a0,67,src/unsorted/0x48a0a0.cpp,?FUN_0048a0a0@@YGXPADPAHH@Z,matched,100.0
0x48a0f0,99,src/unsorted/0x48a0f0.cpp,?FUN_0048a0f0@@YGXPAUUnit_0048a0f0@@H@Z,matched,100.0
0x48a160,33,src/unsorted/0x48a160.cpp,?FUN_0048a160@@YGXPAUClass_0048a160@@H@Z,matched,100.0
0x48a190,77,src/unsorted/0x48a190.cpp,?FUN_0048a190@@YGPAUUnit_0048a190@@PAUClass_0048a190@@H@Z,matched,100.0
0x48a440,71,src/unsorted/0x48a440.cpp,?FUN_0048a440@@YGHPAUClass_0048a440@@PAUObject_0048a440@@@Z,matched,100.0
0x48a7f0,122,src/unsorted/0x48a7f0.cpp,?FUN_0048a7f0@@YGXPAUUnit_0048a7f0@@@Z,matched,100.0
0x48a980,37,src/unsorted/0x48a980.cpp,?FUN_0048a980@@YGHPAUVec3_0048a980@@0@Z,matched,100.0
0x48a9b0,52,src/unsorted/0x48a9b0.cpp,?FUN_0048a9b0@@YGGPAUVec3_0048a9b0@@0G@Z,matched,100.0
0x48aac0,173,src/unsorted/0x48aac0.cpp,?FUN_0048aac0@@YGXPAUUnit_0048aac0@@0DD@Z,matched,100.0
0x48bcb0,69,src/unsorted/0x48bcb0.cpp,?FUN_0048bcb0@@YGHPAD@Z,matched,100.0
0x48bd00,67,src/unsorted/0x48bd00.cpp,?FUN_0048bd00@@YAXXZ,matched,100.0
0x48c150,60,src/unsorted/0x48c150.cpp,?FUN_0048c150@@YAXXZ,matched,100.0
0x48c320,109,src/unsorted/0x48c320.cpp,?FUN_0048c320@@YAXXZ,matched,100.0
0x48c9b0,109,src/unsorted/0x48c9b0.cpp,?FUN_0048c9b0@@YGXPAUUnit_0048c9b0@@@Z,matched,100.0
0x48df90,24,src/unsorted/0x48df90.cpp,??0Class_0048df90@@QAE@XZ,matched,100.0
0x48dfb0,82,src/unsorted/0x48dfb0.cpp,?FUN_0048dfb0@Class_0048dfb0@@QAEXXZ,matched,100.0
0x48ea00,4,src/unsorted/0x48ea00.cpp,?FUN_0048ea00@Class_0048ea00@@QAEHXZ,matched,100.0
0x48ea10,3,src/unsorted/0x48ea10.cpp,?FUN_0048ea10@@YGXH@Z,matched,100.0
0x48ea20,3,src/unsorted/0x48ea20.cpp,?FUN_0048ea20@@YGXH@Z,matched,100.0
0x48ea30,3,src/unsorted/0x48ea30.cpp,?FUN_0048ea30@@YGXH@Z,matched,100.0
0x48ea40,118,src/unsorted/0x48ea40.cpp,?FUN_0048ea40@Class_0048ea40@@QAEXPAUUnit_0048ea40@@@Z,matched,100.0
0x48eac0,57,src/unsorted/0x48eac0.cpp,?FUN_0048eac0@Class_0048eac0@@QAEXPAVClass_004b4560@@@Z,matched,100.0
0x48eb00,59,src/unsorted/0x48eb00.cpp,?FUN_0048eb00@Class_0048eb00@@QAEXPAVClass_004b4560@@@Z,matched,100.0
0x48eb40,55,src/unsorted/0x48eb40.cpp,?FUN_0048eb40@Class_0048eb40@@QAEHXZ,matched,100.0
0x48eb80,57,src/unsorted/0x48eb80.cpp,?FUN_0048eb80@Class_0048eb80@@QAEXPAVClass_004b4560@@@Z,matched,100.0
0x48ebc0,59,src/unsorted/0x48ebc0.cpp,?FUN_0048ebc0@Class_0048ebc0@@QAEXPAVClass_004b4560@@@Z,matched,100.0
0x48ec00,26,src/unsorted/0x48ec00.cpp,?FUN_0048ec00@Class_0048ec00@@QAE_NPAH@Z,matched,100.0
0x48ec20,144,src/unsorted/0x48ec20.cpp,?FUN_0048ec20@Class_0048ec20@@UAEXPAUPlayer_0048ec20@@@Z,matched,100.0
0x48ecb0,73,src/unsorted/0x48ecb0.cpp,?FUN_0048ecb0@Class_0048ecb0@@QAEXPAVClass_004b4560@@@Z,matched,100.0
0x48ed00,76,src/unsorted/0x48ed00.cpp,?FUN_0048ed00@Class_0048ed00@@QAEXPAVClass_004b4560@@@Z,matched,100.0
0x48ed50,86,src/unsorted/0x48ed50.cpp,?FUN_0048ed50@Class_0048ed50@@UAEHPAUUnit_0048ed50@@@Z,matched,100.0
0x48edb0,119,src/unsorted/0x48edb0.cpp,?FUN_0048edb0@Class_0048edb0@@QAEHXZ,matched,100.0
0x48ee30,57,src/unsorted/0x48ee30.cpp,?FUN_0048ee30@Class_0048ee30@@QAEXPAVClass_004b4560@@@Z,matched,100.0
0x48ee70,59,src/unsorted/0x48ee70.cpp,?FUN_0048ee70@Class_0048ee70@@QAEXPAVClass_004b4560@@@Z,matched,100.0
0x48eeb0,79,src/unsorted/0x48eeb0.cpp,?FUN_0048eeb0@Class_0048eeb0@@UAEXPAUPlayer_0048eeb0@@@Z,matched,100.0
0x48ef00,57,src/unsorted/0x48ef00.cpp,?FUN_0048ef00@Class_0048ef00@@QAEXPAVClass_004b4560@@@Z,matched,100.0
0x48ef40,59,src/unsorted/0x48ef40.cpp,?FUN_0048ef40@Class_0048ef40@@QAEXPAVClass_004b4560@@@Z,matched,100.0
0x48ef80,34,src/unsorted/0x48ef80.cpp,?FUN_0048ef80@Class_0048ef80@@QAE_NH@Z,matched,100.0
0x48efb0,184,src/unsorted/0x48efb0.cpp,?FUN_0048efb0@Class_0048efb0@@UAEXPAUPlayer_48efb0@@@Z,matched,100.0
0x48f070,57,src/unsorted/0x48f070.cpp,?FUN_0048f070@Class_0048f070@@QAEXPAVClass_004b4560@@@Z,matched,100.0
0x48f0b0,59,src/unsorted/0x48f0b0.cpp,?FUN_0048f0b0@Class_0048f0b0@@QAEXPAVClass_004b4560@@@Z,matched,100.0
0x48f0f0,99,src/unsorted/0x48f0f0.cpp,?FUN_0048f0f0@Class_0048f0f0@@UAEXPAUPlayer_0048f0f0@@@Z,matched,100.0
0x48f160,73,src/unsorted/0x48f160.cpp,?FUN_0048f160@Class_0048f160@@QAEXPAVClass_004b4560@@@Z,matched,100.0
0x48f1b0,76,src/unsorted/0x48f1b0.cpp,?FUN_0048f1b0@Class_0048f1b0@@QAEXPAVClass_004b4560@@@Z,matched,100.0
0x48f200,76,src/unsorted/0x48f200.cpp,?FUN_0048f200@Class_0048f250@@UAEHXZ,matched,100.0
0x48f250,146,src/unsorted/0x48f250.cpp,?FUN_0048f250@Class_0048f250@@UAEXPAUUnit_0048f250@@@Z,matched,100.0
0x48f2f0,57,src/unsorted/0x48f2f0.cpp,?FUN_0048f2f0@Class_0048f2f0@@QAEXPAVClass_004b4560@@@Z,matched,100.0
0x48f330,59,src/unsorted/0x48f330.cpp,?FUN_0048f330@Class_0048f330@@QAEXPAVClass_004b4560@@@Z,matched,100.0
0x48f370,103,src/unsorted/0x48f370.cpp,?FUN_0048f370@Class_0048f370@@UAEHPAUUnit_0048f370@@@Z,matched,100.0
0x48f3e0,92,src/unsorted/0x48f3e0.cpp,?FUN_0048f3e0@Class_0048f3e0@@UAEHXZ,matched,100.0
0x48f440,57,src/unsorted/0x48f440.cpp,?FUN_0048f440@Class_0048f440@@QAEXPAVClass_004b4560@@@Z,matched,100.0
0x48f480,59,src/unsorted/0x48f480.cpp,?FUN_0048f480@Class_0048f480@@QAEXPAVClass_004b4560@@@Z,matched,100.0
0x48f4c0,103,src/unsorted/0x48f4c0.cpp,?FUN_0048f4c0@Class_0048f4c0@@UAEHPAUUnit_0048f4c0@@@Z,matched,100.0
0x48f530,92,src/unsorted/0x48f530.cpp,?FUN_0048f530@Class_0048f530@@QAEHXZ,matched,100.0
0x48f590,57,src/unsorted/0x48f590.cpp,?FUN_0048f590@Class_0048f590@@QAEXPAVClass_004b4560@@@Z,matched,100.0
0x48f5d0,59,src/unsorted/0x48f5d0.cpp,?FUN_0048f5d0@Class_0048f5d0@@QAEXPAVClass_004b4560@@@Z,matched,100.0
0x48f610,20,src/unsorted/0x48f610.cpp,?FUN_0048f610@Class_0048f610@@QAEHXZ,matched,100.0
0x48f630,57,src/unsorted/0x48f630.cpp,?FUN_0048f630@Class_0048f630@@QAEXPAVClass_004b4560@@@Z,matched,100.0
0x48f670,59,src/unsorted/0x48f670.cpp,?FUN_0048f670@Class_0048f670@@QAEXPAVClass_004b4560@@@Z,matched,100.0
0x48f6b0,93,src/unsorted/0x48f6b0.cpp,?FUN_0048f6b0@Class_0048f6b0@@QAEXPAUUnit_0048f6b0@@@Z,matched,100.0
0x48f710,57,src/unsorted/0x48f710.cpp,?FUN_0048f710@Class_0048f710@@QAEXPAVClass_004b4560@@@Z,matched,100.0
0x48f750,59,src/unsorted/0x48f750.cpp,?FUN_0048f750@Class_0048f750@@QAEXPAVClass_004b4560@@@Z,matched,100.0
0x48f790,77,src/unsorted/0x48f790.cpp,?FUN_0048f790@Class_0048f7e0@@UAEHPAUUnit_0048f790@@@Z,matched,100.0
0x48f7e0,92,src/unsorted/0x48f7e0.cpp,?FUN_0048f7e0@Class_0048f7e0@@QAEHXZ,matched,100.0
0x48f840,57,src/unsorted/0x48f840.cpp,?FUN_0048f840@Class_0048f840@@QAEXPAVClass_004b4560@@@Z,matched,100.0
0x48f880,59,src/unsorted/0x48f880.cpp,?FUN_0048f880@Class_0048f880@@QAEXPAVClass_004b4560@@@Z,matched,100.0
0x48f8c0,57,src/unsorted/0x48f8c0.cpp,?FUN_0048f8c0@Class_0048f8c0@@QAEXPAUUnit_0048f8c0@@@Z,matched,100.0
0x48f900,73,src/unsorted/0x48f900.cpp,?FUN_0048f900@Class_0048f900@@QAEXPAVClass_004b4560@@@Z,matched,100.0
0x48f950,76,src/unsorted/0x48f950.cpp,?FUN_0048f950@Class_0048f950@@QAEXPAVClass_004b4560@@@Z,matched,100.0
0x48f9a0,34,src/unsorted/0x48f9a0.cpp,?FUN_0048f9a0@Class_0048f9a0@@QAE_NPAUParam@@@Z,matched,100.0
0x48fab0,57,src/unsorted/0x48fab0.cpp,?FUN_0048fab0@Class_0048fab0@@QAEXPAVClass_004b4560@@@Z,matched,100.0
0x48faf0,59,src/unsorted/0x48faf0.cpp,?FUN_0048faf0@Class_0048faf0@@QAEXPAVClass_004b4560@@@Z,matched,100.0
0x48fb30,43,src/unsorted/0x48fb30.cpp,?FUN_0048fb30@Class_0048fb30@@QAE_NPAUOther_0048fb30@@@Z,matched,100.0
0x48fb60,92,src/unsorted/0x48fb60.cpp,?FUN_0048fb60@Class_0048fb60@@UAEHXZ,matched,100.0
0x48fbc0,57,src/unsorted/0x48fbc0.cpp,?FUN_0048fbc0@Class_0048fbc0@@QAEXPAVClass_004b4560@@@Z,matched,100.0
0x48fc00,59,src/unsorted/0x48fc00.cpp,?FUN_0048fc00@Class_0048fc00@@QAEXPAVClass_004b4560@@@Z,matched,100.0
0x48fc40,43,src/unsorted/0x48fc40.cpp,?FUN_0048fc40@Class_0048fc40@@QAE_NPAUOther_0048fc40@@@Z,matched,100.0
0x48fc70,92,src/unsorted/0x48fc70.cpp,?FUN_0048fc70@Class_0048fc70@@UAEHXZ,matched,100.0
0x48fcd0,57,src/unsorted/0x48fcd0.cpp,?FUN_0048fcd0@Class_0048fcd0@@QAEXPAVClass_004b4560@@@Z,matched,100.0
0x48fd10,59,src/unsorted/0x48fd10.cpp,?FUN_0048fd10@Class_0048fd10@@QAEXPAVClass_004b4560@@@Z,matched,100.0
0x48fd50,20,src/unsorted/0x48fd50.cpp,?FUN_0048fd50@Class_0048fd50@@QAEHXZ,matched,100.0
0x48fd70,57,src/unsorted/0x48fd70.cpp,?FUN_0048fd70@Class_0048fd70@@QAEXPAVClass_004b4560@@@Z,matched,100.0
0x48fdb0,59,src/unsorted/0x48fdb0.cpp,?FUN_0048fdb0@Class_0048fdb0@@QAEXPAVClass_004b4560@@@Z,matched,100.0
0x48fdf0,105,src/unsorted/0x48fdf0.cpp,?FUN_0048fdf0@Class_0048ff40@@QAEXPAX@Z,matched,100.0
0x48fe60,105,src/unsorted/0x48fe60.cpp,?FUN_0048fe60@Class_0048fe60@@QAEXPAVClass_004b4560@@@Z,matched,100.0
0x48fed0,108,src/unsorted/0x48fed0.cpp,?FUN_0048fed0@Class_0048ff40@@QAEHXZ,matched,100.0
0x48ff40,136,src/unsorted/0x48ff40.cpp,?FUN_0048ff40@Class_0048ff40@@QAEHXZ,matched,100.0
0x48ffd0,126,src/unsorted/0x48ffd0.cpp,?FUN_0048ffd0@@YAHXZ,matched,100.0
0x490050,42,src/unsorted/0x490050.cpp,?FUN_00490050@@YAHXZ,matched,100.0
0x490200,42,src/unsorted/0x490200.cpp,?FUN_00490200@@YAHXZ,matched,100.0
0x4904b0,11,src/unsorted/0x4904b0.cpp,?FUN_004904b0@Class_004904b0@@QAEXXZ,matched,100.0
0x4904c0,84,src/unsorted/0x4904c0.cpp,?FUN_004904c0@Class_004904c0@@QAEXH@Z,matched,100.0
0x490520,84,src/unsorted/0x490520.cpp,?FUN_00490520@Class_00490520@@QAEXH@Z,matched,100.0
0x490580,84,src/unsorted/0x490580.cpp,?FUN_00490580@Class_00490520@@QAEXH@Z,matched,100.0
0x4905e0,76,src/unsorted/0x490630.cpp,??0Class_00490630@@QAE@PAUStruct_004907e0@@@Z,matched,100.0
0x490630,32,src/unsorted/0x490630.cpp,??_GClass_00490630@@UAEPAXI@Z,matched,100.0
0x490650,63,src/unsorted/0x490650.cpp,?FUN_00490650@Class_00490650@@QAEXPAUVec3_00490650@@0PAF@Z,matched,100.0
0x4907e0,94,src/unsorted/0x4907e0.cpp,??0Class_004907e0@@QAE@PAUStruct_004907e0@@@Z,matched,100.0
0x490840,32,src/unsorted/0x490840.cpp,??_GClass_004907e0@@UAEPAXI@Z,matched,100.0
0x490860,25,src/unsorted/0x490860.cpp,?FUN_0044ef90@Class_004907e0@@UAEXPAX@Z,matched,100.0
0x490880,38,src/unsorted/0x490880.cpp,?FUN_00490880@Class_00490880@@QAEXXZ,matched,100.0
0x4908b0,7,src/unsorted/0x4908b0.cpp,?FUN_004908b0@Class_004908b0@@QAEEXZ,matched,100.0
0x4908c0,125,src/unsorted/0x4908c0.cpp,?FUN_004908c0@Class_004908c0@@QAEXPAVClass_00415c10@@@Z,matched,100.0
0x490940,82,src/unsorted/0x490940.cpp,??0Class_00490880@@QAE@PAUStruct_004907e0@@@Z,matched,100.0
0x4909a0,58,src/unsorted/0x4909a0.cpp,??_GClass_00490880@@UAEPAXI@Z,matched,100.0
0x4909e0,37,src/unsorted/0x4909e0.cpp,??1Class_00490880@@UAE@XZ,matched,100.0
0x490a10,134,src/unsorted/0x490a10.cpp,?FUN_00490a10@Class_00490a10@@QAEXPAVClass_00415dc0@@@Z,matched,100.0
0x490aa0,26,src/unsorted/0x490aa0.cpp,?FUN_00490aa0@@YAXXZ,matched,100.0
0x490ac0,60,src/unsorted/0x490ac0.cpp,?FUN_00490ac0@@YAXXZ,matched,100.0
0x490b00,48,src/unsorted/0x490b00.cpp,?FUN_00490b00@@YAXXZ,matched,100.0
0x490da0,68,src/unsorted/0x490da0.cpp,?FUN_00490da0@@YAXXZ,matched,100.0
0x490ee0,33,src/unsorted/0x490ee0.cpp,?FUN_00490ee0@@YAXXZ,matched,100.0
0x490f10,33,src/unsorted/0x490f10.cpp,?FUN_00490f10@@YAXXZ,matched,100.0
0x490f40,49,src/unsorted/0x490f40.cpp,?FUN_00490f40@@YAXXZ,matched,100.0
0x490f80,88,src/unsorted/0x490f80.cpp,?FUN_00490f80@@YAXXZ,matched,100.0
0x491c60,23,src/unsorted/0x491c60.cpp,?FUN_00491c60@@YAXXZ,matched,100.0
0x491c80,56,src/unsorted/0x491c80.cpp,?FUN_00491c80@@YGXH@Z,matched,100.0
0x491d70,150,src/unsorted/0x491d70.cpp,?FUN_00491d70@@YGHH@Z,matched,100.0
0x491e10,57,src/unsorted/0x491e10.cpp,?FUN_00491e10@@YAXXZ,matched,100.0
0x492330,41,src/unsorted/0x492330.cpp,?FUN_00492330@@YGXPAX@Z,matched,100.0
0x492de0,8,src/unsorted/0x492de0.cpp,?FUN_00492de0@@YGXHH@Z,matched,100.0
0x493340,79,src/unsorted/0x493340.cpp,?FUN_00493340@@YGXPAUObject_00493340@@H@Z,matched,100.0
0x493390,79,src/unsorted/0x493390.cpp,?FUN_00493390@@YGXPAUObject_00493390@@H@Z,matched,100.0
0x494220,105,src/unsorted/0x494220.cpp,?FUN_00494220@@YGXPAUGadget_00494220@@@Z,matched,100.0
0x494290,75,src/unsorted/0x494290.cpp,?FUN_00494290@@YGXPAUGadget_00494290@@PAUEntry_00494290@@@Z,matched,100.0
0x494840,70,src/unsorted/0x494840.cpp,?FUN_00494840@@YGXPAUGadget_00494840@@@Z,matched,100.0
0x494890,19,src/unsorted/0x494890.cpp,?FUN_00494890@@YGXPAUGadget_00494890@@@Z,matched,100.0
0x4948b0,33,src/unsorted/0x4948b0.cpp,?FUN_004948b0@@YGXHH@Z,matched,100.0
0x494ff0,19,src/unsorted/0x494ff0.cpp,?FUN_00494ff0@@YGXH@Z,matched,100.0
0x495200,42,src/unsorted/0x495200.cpp,?FUN_00495200@@YAXXZ,matched,100.0
0x495860,83,src/unsorted/0x495860.cpp,?FUN_00495860@@YAXXZ,matched,100.0
0x4958c0,103,src/unsorted/0x4958c0.cpp,?FUN_004958c0@@YGXH@Z,matched,100.0
0x496b10,148,src/unsorted/0x496b10.cpp,?FUN_00496b10@@YAXXZ,matched,100.0
0x496db0,95,src/unsorted/0x496db0.cpp,?FUN_00496db0@@YAXXZ,matched,100.0
0x496e10,128,src/unsorted/0x496e10.cpp,?FUN_00496e10@@YGXPAUSettings_00496e10@@@Z,matched,100.0
0x496e90,71,src/unsorted/0x496e90.cpp,?FUN_00496e90@@YGXPAUStruct_00496e90@@HH@Z,matched,100.0
0x498cd0,44,src/unsorted/0x498cd0.cpp,?FUN_00498cd0@@YGXPAUPoint_00498cd0@@PAUView_00498cd0@@H@Z,matched,100.0
0x498d00,145,src/unsorted/0x498d00.cpp,?FUN_00498d00@@YGXPAUPos_00498d00@@@Z,matched,100.0
0x499880,5,src/unsorted/0x499880.cpp,?FUN_00499880@@YAXXZ,matched,100.0
0x499a30,69,src/unsorted/0x499a30.cpp,?FUN_00499a30@@YAXXZ,matched,100.0
0x499a80,37,src/unsorted/0x499a80.cpp,?FUN_00499a80@@YAXXZ,matched,100.0
0x499ba0,102,src/unsorted/0x499ba0.cpp,?FUN_00499ba0@@YGXDPAUVec3_00499ba0@@0@Z,matched,100.0
0x499c10,87,src/unsorted/0x499c10.cpp,?FUN_00499c10@@YGXPAUObject_00499c10@@PAUSource_00499c10@@@Z,matched,100.0
0x499c70,88,src/unsorted/0x499c70.cpp,?FUN_00499c70@@YGXPAUWeapon_499c70@@PAUUnit_499c70@@@Z,matched,100.0
0x499e50,91,src/unsorted/0x499e50.cpp,?FUN_00499e50@@YGXPAUUnit_499e50@@@Z,matched,100.0
0x49a0c0,85,src/unsorted/0x49a0c0.cpp,?FUN_0049a0c0@@YGXPAXPAUVec3_0049a0c0@@@Z,matched,100.0
0x49a850,64,src/unsorted/0x49a850.cpp,?FUN_0049a850@@YGHPAUVec3i_0049a850@@@Z,matched,100.0
0x49adf0,33,src/unsorted/0x49adf0.cpp,?FUN_0049adf0@@YGHHI@Z,matched,100.0
0x49af90,103,src/unsorted/0x49af90.cpp,?FUN_0049af90@@YGXHPAUPacket_0049af90@@@Z,matched,100.0
0x49b000,129,src/unsorted/0x49b000.cpp,?FUN_0049b000@@YGXPAUUnit_0049b000@@H@Z,matched,100.0
0x49b680,88,src/unsorted/0x49b680.cpp,?FUN_0049b680@@YGXPAUObject_0049b680@@@Z,matched,100.0
0x49b6e0,64,src/unsorted/0x49b6e0.cpp,?FUN_0049b6e0@@YAPAUProjectile_0049b6e0@@XZ,matched,100.0
0x49c880,147,src/unsorted/0x49c880.cpp,?FUN_0049c880@@YGXPAUUnit_0049c880@@@Z,partial,67.4
0x49c920,87,src/unsorted/0x49c920.cpp,?FUN_0049c920@@YGXPAUObject_0049c920@@@Z,matched,100.0
0x49c980,55,src/unsorted/0x49c980.cpp,?FUN_0049c980@@YGXPAUObj_0049c980@@PAUSrc_0049c980@@@Z,matched,100.0
0x49d0c0,93,src/unsorted/0x49d0c0.cpp,?FUN_0049d0c0@@YGHPAUObject_0049d0c0@@HHHH@Z,matched,100.0
0x49d1e0,129,src/unsorted/0x49d1e0.cpp,?FUN_0049d1e0@@YGPAUProjectile_0049d1e0@@PAUEvent_0049d1e0@@@Z,matched,100.0
0x49e010,88,src/unsorted/0x49e010.cpp,?FUN_0049e010@@YGXPAUInfo_0049e010@@@Z,matched,100.0
0x49e570,53,src/unsorted/0x49e570.cpp,?FUN_0049e570@@YGXPAH0000@Z,matched,100.0
0x49e5b0,91,src/unsorted/0x49e5b0.cpp,?FUN_0049e5b0@@YGPADPAD@Z,matched,100.0
0x49e610,24,src/unsorted/0x49e610.cpp,_$E4,matched,100.0
0x49e630,10,src/unsorted/0x49e610.cpp,_$E2,matched,100.0
0x49e640,64,src/unsorted/0x49e640.cpp,?FUN_0049e640@@YGXPAD@Z,matched,100.0
0x49e6f0,14,src/unsorted/0x49e6f0.cpp,?FUN_0049e6f0@@YAXXZ,matched,100.0
0x49ed90,1,src/unsorted/0x49ed90.cpp,?FUN_0049ed90@@YAXXZ,matched,100.0
0x49f540,52,src/unsorted/0x49f540.cpp,?FUN_0049f540@@YAXXZ,matched,100.0
0x49f580,27,src/unsorted/0x49f580.cpp,?FUN_0049f580@@YAHXZ,matched,100.0
0x49f5a0,104,src/unsorted/0x49f5a0.cpp,?FUN_0049f5a0@@YGIPADH@Z,matched,100.0
0x49f610,6,src/unsorted/0x49f610.cpp,?FUN_0049f610@@YAHXZ,matched,100.0
0x49f620,21,src/unsorted/0x49f620.cpp,?FUN_0049f620@@YAXXZ,matched,100.0
0x49f640,54,src/unsorted/0x49f640.cpp,?FUN_0049f640@@YAXXZ,matched,100.0
0x49f680,18,src/unsorted/0x49f680.cpp,?FUN_0049f680@@YGXPBD@Z,matched,100.0
0x49f6a0,23,src/unsorted/0x49f6a0.cpp,?FUN_0049f6a0@@YGXPAD@Z,matched,100.0
0x49f6c0,68,src/unsorted/0x49f6c0.cpp,?FUN_0049f6c0@@YGHPAD@Z,matched,100.0
0x49f8c0,106,src/unsorted/0x49f8c0.cpp,?FUN_0049f8c0@@YGHPAUClass_0049f8c0@@PADH@Z,matched,100.0
0x49f930,131,src/unsorted/0x49f930.cpp,?FUN_0049f930@@YGXPAUObject_0049f930@@PAD1@Z,matched,100.0
0x49f9c0,131,src/unsorted/0x49f9c0.cpp,?FUN_0049f9c0@@YGXPAUMenu_0049f9c0@@PAD@Z,matched,100.0
0x49fa50,17,src/unsorted/0x49fa50.cpp,?FUN_0049fa50@@YGXPAUObj_49fa50@@@Z,matched,100.0
0x49fa70,17,src/unsorted/0x49fa70.cpp,?FUN_0049fa70@@YGXPAUObj_0049fa70@@@Z,matched,100.0
0x49fa90,17,src/unsorted/0x49fa90.cpp,?FUN_0049fa90@@YGXPAUClass_0049fa90@@@Z,matched,100.0
0x49fab0,17,src/unsorted/0x49fab0.cpp,?FUN_0049fab0@@YGXPAX@Z,matched,100.0
0x49fad0,21,src/unsorted/0x49fad0.cpp,?FUN_0049fad0@@YGXPAUClass_0049fad0@@@Z,matched,100.0
0x49faf0,17,src/unsorted/0x49faf0.cpp,?FUN_0049faf0@@YGXPAUOuter_49faf0@@@Z,matched,100.0
0x49fb10,21,src/unsorted/0x49fb10.cpp,?FUN_0049fb10@@YGXHH@Z,matched,100.0
0x49fb30,22,src/unsorted/0x49fb30.cpp,?FUN_0049fb30@@YGHPAUOuter_0049fb30@@@Z,matched,100.0
0x49fb50,80,src/unsorted/0x49fb50.cpp,?FUN_0049fb50@@YGXPAUStruct_0049fb50@@PBD@Z,matched,100.0
0x49fba0,80,src/unsorted/0x49fba0.cpp,?FUN_0049fba0@@YGXPAUStruct_0049fba0@@PBD@Z,matched,100.0
0x49fbf0,80,src/unsorted/0x49fbf0.cpp,?FUN_0049fbf0@@YGXPAUStruct_0049fbf0@@PBD@Z,matched,100.0
0x49fc40,14,src/unsorted/0x49fc40.cpp,?FUN_0049fc40@@YGXPAUClass_0049fc40@@@Z,matched,100.0
0x49fc50,146,src/unsorted/0x49fc50.cpp,?FUN_0049fc50@@YGHPAUObject_0049fc50@@H@Z,matched,100.0
0x49fcf0,21,src/unsorted/0x49fcf0.cpp,?FUN_0049fcf0@@YGHHH@Z,matched,100.0
0x49fd10,16,src/unsorted/0x49fd10.cpp,?FUN_0049fd10@@YG_NH@Z,matched,100.0
0x49fd20,53,src/unsorted/0x49fd20.cpp,?FUN_0049fd20@@YGXPAUObj1_49fd20@@PAUObj2_49fd20@@PAUVec6_49fd20@@@Z,matched,100.0
0x49fd60,138,src/unsorted/0x49fd60.cpp,?FUN_0049fd60@@YGHPAUGui_0049fd60@@PAD@Z,matched,100.0
0x49fdf0,99,src/unsorted/0x49fdf0.cpp,?FUN_0049fdf0@@YGHPAUEntry_0049fdf0@@PADH@Z,matched,100.0
0x49fe60,97,src/unsorted/0x49fe60.cpp,?FUN_0049fe60@@YGHPAUEntry_0049fe60@@PAD@Z,matched,100.0
0x49fed0,55,src/unsorted/0x49fed0.cpp,?FUN_0049fed0@@YGXPAUEntry_0049fed0@@PADH@Z,matched,100.0
0x49ff10,115,src/unsorted/0x49ff10.cpp,?FUN_0049ff10@@YGPAUEntry_49ff10@@PAU1@PAD@Z,matched,100.0
0x49ff90,125,src/unsorted/0x49ff90.cpp,?FUN_0049ff90@@YGPAUEntry_49ff90@@PAU1@PAD@Z,matched,100.0
0x4a0010,125,src/unsorted/0x4a0010.cpp,?FUN_004a0010@@YGPAUEntry_004a0010@@PAU1@PAD@Z,matched,100.0
0x4a0180,125,src/unsorted/0x4a0180.cpp,?FUN_004a0180@@YGPAUEntry_4a0180@@PAU1@PAD@Z,matched,100.0
0x4a0200,125,src/unsorted/0x4a0200.cpp,?FUN_004a0200@@YGPAUEntry_4a0200@@PAU1@PAD@Z,matched,100.0
0x4a0280,125,src/unsorted/0x4a0280.cpp,?FUN_004a0280@@YGPAUEntry_4a0280@@PAU1@PAD@Z,matched,100.0
0x4a0300,64,src/unsorted/0x4a0300.cpp,?FUN_004a0300@@YGHPAUEntry_4a0300@@HPAD@Z,matched,100.0
0x4a04f0,123,src/unsorted/0x4a04f0.cpp,?FUN_004a04f0@@YGDPAUClass_004a04f0@@PAD@Z,matched,100.0
0x4a0570,111,src/unsorted/0x4a0570.cpp,?FUN_004a0570@@YGXPAUObject_004a0570@@PADH@Z,matched,100.0
0x4a0880,112,src/unsorted/0x4a0880.cpp,?FUN_004a0880@@YGXPAUObject_004a0880@@HPAD@Z,matched,100.0
0x4a0bf0,116,src/unsorted/0x4a0bf0.cpp,?FUN_004a0bf0@@YGXPAUObject_004a0bf0@@PADHH@Z,matched,100.0
0x4a0c70,139,src/unsorted/0x4a0c70.cpp,?FUN_004a0c70@@YGXPAUObject_004a0c70@@PADH@Z,matched,100.0
0x4a0f30,44,src/unsorted/0x4a0f30.cpp,?FUN_004a0f30@@YGHPAUClass_004a0f30@@H@Z,matched,100.0
0x4a0f60,144,src/unsorted/0x4a0f60.cpp,?FUN_004a0f60@@YGHPAUObj_004a0f60@@PAD@Z,matched,100.0
0x4a0ff0,62,src/unsorted/0x4a0ff0.cpp,?FUN_004a0ff0@@YGHPAUObj_004a0ff0@@H@Z,matched,100.0
0x4a1030,66,src/unsorted/0x4a1030.cpp,?FUN_004a1030@@YGHPAUClass_004a1030@@HD@Z,matched,100.0
0x4a1080,134,src/unsorted/0x4a1080.cpp,?FUN_004a1080@@YGHPAUClass_004a1080@@PADD@Z,matched,100.0
0x4a11c0,60,src/unsorted/0x4a11c0.cpp,?FUN_004a11c0@@YGXPAUObj_004a11c0@@HF@Z,matched,100.0
0x4a1200,72,src/unsorted/0x4a1200.cpp,?FUN_004a1200@@YGXPAUClass_004a1200@@HH@Z,matched,100.0
0x4a1250,142,src/unsorted/0x4a1250.cpp,?FUN_004a1250@@YGXPAUClass_004a1250@@PADH@Z,matched,100.0
0x4a1450,107,src/unsorted/0x4a1450.cpp,?FUN_004a1450@@YGXPAUObject_004a1450@@PADH@Z,matched,100.0
0x4a14c0,107,src/unsorted/0x4a14c0.cpp,?FUN_004a14c0@@YGXPAUObject_004a14c0@@PADH@Z,matched,100.0
0x4a1530,136,src/unsorted/0x4a1530.cpp,?FUN_004a1530@@YGXPAUClass_004a1530@@PADD@Z,matched,100.0
0x4a15c0,104,src/unsorted/0x4a15c0.cpp,?FUN_004a15c0@@YGXPADHPAUOut_4a15c0@@@Z,matched,100.0
0x4a1680,110,src/unsorted/0x4a1680.cpp,?FUN_004a1680@@YGXPADHPAUOut_4a1680@@@Z,matched,100.0
0x4a18c0,96,src/unsorted/0x4a18c0.cpp,?FUN_004a18c0@@YGHPAUEntry_004a18c0@@H@Z,matched,100.0
0x4a1920,46,src/unsorted/0x4a1920.cpp,?FUN_004a1920@@YGHPAURect@@HH@Z,matched,100.0
0x4a1950,23,src/unsorted/0x4a1950.cpp,?FUN_004a1950@@YGHPAUObj_004a1950@@H@Z,matched,100.0
0x4a1970,23,src/unsorted/0x4a1970.cpp,?FUN_004a1970@@YGHPAUStruct_004a1970@@H@Z,matched,100.0
0x4a1990,87,src/unsorted/0x4a1990.cpp,?FUN_004a1990@@YGHPAUEntry_004a1990@@H@Z,matched,100.0
0x4a19f0,87,src/unsorted/0x4a19f0.cpp,?FUN_004a19f0@@YGHPAUEntry_004a19f0@@H@Z,matched,100.0
0x4a1a50,87,src/unsorted/0x4a1a50.cpp,?FUN_004a1a50@@YGHPAUEntry_004a1a50@@H@Z,matched,100.0
0x4a1ab0,143,src/unsorted/0x4a1ab0.cpp,?FUN_004a1ab0@@YGXPAUClass_004a1ab0@@H@Z,matched,100.0
0x4a3eb0,59,src/unsorted/0x4a3eb0.cpp,?FUN_004a3eb0@@YGXPAUClass_004a3eb0@@H@Z,matched,100.0
0x4a4620,57,src/unsorted/0x4a4620.cpp,?FUN_004a4620@@YGXPAUClass_004a4620@@H@Z,matched,100.0
0x4a4890,158,src/unsorted/0x4a4890.cpp,?FUN_004a4890@@YGXPAUClass_004a4890@@H@Z,matched,100.0
0x4a4930,65,src/unsorted/0x4a4930.cpp,?FUN_004a4930@@YGXPAUGameState_4a4930@@H@Z,matched,100.0
0x4a5010,31,src/unsorted/0x4a5010.cpp,?FUN_004a5010@@YGPAXE@Z,matched,100.0
0x4a5030,113,src/unsorted/0x4a5030.cpp,?FUN_004a5030@@YGHPAE@Z,matched,100.0
0x4a50b0,40,src/unsorted/0x4a50b0.cpp,?FUN_004a50b0@@YAHXZ,matched,100.0
0x4a5d30,18,src/unsorted/0x4a5d30.cpp,?FUN_004a5d30@@YGXPAUStruct_004a5d30@@H@Z,matched,100.0
0x4a69d0,104,src/unsorted/0x4a69d0.cpp,?FUN_004a69d0@@YGXPAUClass_004a69d0@@@Z,matched,100.0
0x4a6a40,147,src/unsorted/0x4a6a40.cpp,?FUN_004a6a40@@YGXPAUClass_004a6a40@@H@Z,matched,100.0
0x4a7560,108,src/unsorted/0x4a7560.cpp,?FUN_004a7560@@YGHPAUEntry_004a7560@@H@Z,matched,100.0
0x4a8150,85,src/unsorted/0x4a8150.cpp,?FUN_004a8150@@YGHPAUClass_004a8150@@E@Z,matched,100.0
0x4a81b0,39,src/unsorted/0x4a81b0.cpp,?FUN_004a81b0@@YGXPAUStruct_004a81b0@@PAD@Z,matched,100.0
0x4a9660,108,src/unsorted/0x4a9660.cpp,?FUN_004a9660@@YGXPAUGui_004a9660@@@Z,matched,100.0
0x4aa850,128,src/unsorted/0x4aa850.cpp,?FUN_004aa850@@YGXPAVClass_0051fba4@@@Z,matched,100.0
0x4aa8d0,6,src/unsorted/0x4aa8d0.cpp,?FUN_004aa8d0@@YAHXZ,matched,100.0
0x4aa8e0,13,src/unsorted/0x4aa8e0.cpp,?FUN_004aa8e0@@YGXPAHH@Z,matched,100.0
0x4aafe0,91,src/unsorted/0x4aafe0.cpp,?FUN_004aafe0@@YGHPAUObject_004aafe0@@@Z,matched,100.0
0x4ab040,17,src/unsorted/0x4ab040.cpp,?FUN_004ab040@@YGHPAUClass_004ab040@@@Z,matched,100.0
0x4ab060,50,src/unsorted/0x4ab060.cpp,?FUN_004ab060@@YGHPAUObject_004ab060@@PBD@Z,matched,100.0
0x4ab0a0,14,src/unsorted/0x4ab0a0.cpp,?FUN_004ab0a0@@YGXPAX@Z,matched,100.0
0x4ab170,26,src/unsorted/0x4ab170.cpp,?FUN_004ab170@@YGXPAUStruct_4ab170@@PAIPAH@Z,matched,100.0
0x4ab190,17,src/unsorted/0x4ab190.cpp,?FUN_004ab190@@YGXHH@Z,matched,100.0
0x4ab290,26,src/unsorted/0x4ab290.cpp,?FUN_004ab290@@YGHHH@Z,matched,100.0
0x4ab2b0,90,src/unsorted/0x4ab2b0.cpp,?FUN_004ab2b0@@YGHPAUClass_004ab2b0@@PAURecord_004ab2b0@@@Z,matched,100.0
0x4ab3a0,90,src/unsorted/0x4ab3a0.cpp,?FUN_004ab3a0@@YGHPAUClass_004ab3a0@@PAURecord_004ab3a0@@@Z,matched,100.0
0x4ab400,50,src/unsorted/0x4ab400.cpp,?FUN_004ab400@@YGXPAUObj_004ab400@@PAUSrc_004ab400@@@Z,matched,100.0
0x4ab440,122,src/unsorted/0x4ab440.cpp,?FUN_004ab440@@YGXPAUObj_004ab440@@H@Z,matched,100.0
0x4ab4c0,26,src/unsorted/0x4ab4c0.cpp,?FUN_004ab4c0@@YGXPAUObj_004ab4c0@@@Z,matched,100.0
0x4ab4e0,47,src/unsorted/0x4ab4e0.cpp,?FUN_004ab4e0@@YGXPAUObj_004ab4e0@@H@Z,matched,100.0
0x4ab510,87,src/unsorted/0x4ab510.cpp,?FUN_004ab510@@YGHPAUObject_004ab510@@E@Z,matched,100.0
0x4ab570,55,src/unsorted/0x4ab570.cpp,?FUN_004ab570@@YGHPAUObject_004ab570@@E@Z,matched,100.0
0x4ab5b0,22,src/unsorted/0x4ab5b0.cpp,?FUN_004ab5b0@@YGHPAUObject_004ab5b0@@I@Z,matched,100.0
0x4ab690,20,src/unsorted/0x4ab690.cpp,?FUN_004ab690@@YGXPAXH@Z,matched,100.0
0x4ab6b0,10,src/unsorted/0x4ab6b0.cpp,?FUN_004ab6b0@@YGHPAUObject@@@Z,matched,100.0
0x4ab6c0,82,src/unsorted/0x4ab6c0.cpp,?FUN_004ab6c0@@YGXPAUControl_004ab6c0@@PAXPADHH@Z,matched,100.0
0x4abb20,122,src/unsorted/0x4abb20.cpp,?FUN_004abb20@@YGHPAUSub_004abb20@@PAD@Z,matched,100.0
0x4abba0,44,src/unsorted/0x4abba0.cpp,?FUN_004abba0@@YGXPAUGadget_004abba0@@@Z,matched,100.0
0x4abd00,28,src/unsorted/0x4abd00.cpp,?FUN_004abd00@@YGXH@Z,matched,100.0
0x4abd20,98,src/unsorted/0x4abd20.cpp,?FUN_004abd20@@YGHPAUObject_004abd20@@@Z,matched,100.0
0x4ac080,28,src/unsorted/0x4ac080.cpp,?FUN_004ac080@@YGXPAUClass_004ac080@@@Z,matched,100.0
0x4ac0a0,138,src/unsorted/0x4ac0a0.cpp,?FUN_004ac0a0@@YGHPAUSub_004ac0a0@@PAD@Z,matched,100.0
0x4ac130,54,src/unsorted/0x4ac130.cpp,?FUN_004ac130@@YGXPAUObj_004ac130@@@Z,matched,100.0
0x4ac300,56,src/unsorted/0x4ac300.cpp,?FUN_004ac300@@YGXPAUObj_4ac300@@@Z,matched,100.0
0x4ac710,179,src/unsorted/0x4ac710.cpp,?FUN_004ac710@@YGXPAUPalEntry_004ac710@@0PAE@Z,matched,100.0
0x4ac8a0,28,src/unsorted/0x4ac8a0.cpp,?FUN_004ac8a0@@YGXPADPAX@Z,matched,100.0
0x4ac970,161,src/unsorted/0x4ac970.cpp,?FUN_004ac970@@YGXPAUObject_004ac970@@HH@Z,partial,78.0
0x4acbe0,142,src/unsorted/0x4acbe0.cpp,?FUN_004acbe0@@YGHPAUObject_004acbe0@@HH@Z,matched,100.0
0x4acc70,93,src/unsorted/0x4acc70.cpp,?FUN_004acc70@@YGXPAUClass_004acc70@@PAUColor_004acc70@@@Z,matched,100.0
0x4accd0,42,src/unsorted/0x4accd0.cpp,?FUN_004accd0@@YGXPAUClass_004bbbe0@@H@Z,matched,100.0
0x4acd00,159,src/unsorted/0x4acd00.cpp,?FUN_004acd00@@YGXPAUClass_004bbbe0@@PADH@Z,matched,100.0
0x4acda0,55,src/unsorted/0x4acda0.cpp,?FUN_004acda0@@YGXPAUClass_004bbbe0@@H@Z,matched,100.0
0x4acde0,108,src/unsorted/0x4acde0.cpp,?FUN_004acde0@@YGXPAUClass_004bbbe0@@PAD1H@Z,matched,100.0
0x4ad980,142,src/unsorted/0x4ad980.cpp,?FUN_004ad980@@YGXPAUStruct_004ad980@@PAUClass_004bbbe0@@H@Z,matched,100.0
0x4ada10,33,src/unsorted/0x4ada10.cpp,?FUN_004ada10@@YGXPAUStructA_004ada10@@PAUStructB_004ada10@@@Z,matched,100.0
0x4add60,142,src/unsorted/0x4add60.cpp,?FUN_004add60@@YGXPAUStruct_004add60@@PAUClass_004bbbe0@@H@Z,matched,100.0
0x4addf0,48,src/unsorted/0x4addf0.cpp,?FUN_004addf0@@YGXPAUStruct_004addf0@@PAUParam2_004addf0@@@Z,matched,100.0
0x4adf10,121,src/unsorted/0x4adf10.cpp,?FUN_004adf10@@YGXPAUObj_004adf10@@PAUSource_004adf10@@@Z,matched,100.0
0x4ae300,113,src/unsorted/0x4ae300.cpp,?FUN_004ae300@@YGXPAUObj_004ae300@@PAUSource_004ae300@@@Z,matched,100.0
0x4ae380,144,src/unsorted/0x4ae380.cpp,?FUN_004ae380@@YGXPAUObj_004ae380@@PAUClass_004bbbe0@@H@Z,matched,100.0
0x4ae410,45,src/unsorted/0x4ae410.cpp,?FUN_004ae410@@YGXPAUObj_004ae410@@PAUSource_004ae410@@@Z,matched,100.0
0x4ae4b0,37,src/unsorted/0x4ae4b0.cpp,?FUN_004ae4b0@@YGXPAUObj_004ae4b0@@PAUSource_004ae4b0@@@Z,matched,100.0
0x4ae550,37,src/unsorted/0x4ae550.cpp,?FUN_004ae550@@YGXPAUObj_004ae550@@PAUSource_004ae550@@@Z,matched,100.0
0x4ae610,32,src/unsorted/0x4ae610.cpp,?FUN_004ae610@@YGXPAUStructA_004ae610@@PAUStructB_004ae610@@@Z,matched,100.0
0x4aeda0,47,src/unsorted/0x4aeda0.cpp,?FUN_004aeda0@@YGXPAUObj_004aeda0@@H@Z,matched,100.0
0x4aeee0,150,src/unsorted/0x4aeee0.cpp,?FUN_004aeee0@@YGXPAUObject_004aeee0@@PAD@Z,matched,100.0
0x4aef80,32,src/unsorted/0x4aef80.cpp,?FUN_004aef80@@YGXPAUObj_004aef80@@@Z,matched,100.0
0x4afc60,135,src/unsorted/0x4afc60.cpp,?FUN_004afc60@@YGXPAUClass_004afc60@@H@Z,matched,100.0
0x4afcf0,38,src/unsorted/0x4afcf0.cpp,?FUN_004afcf0@@YGXH@Z,matched,100.0
0x4afd20,23,src/unsorted/0x4afd20.cpp,?FUN_004afd20@@YGXPAUObj_004afd20@@H@Z,matched,100.0
0x4afd40,27,src/unsorted/0x4afd40.cpp,?FUN_004afd40@@YGXH@Z,matched,100.0
0x4afd60,27,src/unsorted/0x4afd60.cpp,?FUN_004afd60@@YGXH@Z,matched,100.0
0x4afe90,35,src/unsorted/0x4afe90.cpp,?FUN_004afe90@@YGXPAXH@Z,matched,100.0
0x4afec0,60,src/unsorted/0x4afec0.cpp,?FUN_004afec0@@YGXPAUClass_004afec0@@@Z,matched,100.0
0x4b04b0,47,src/unsorted/0x4b04b0.cpp,?FUN_004b04b0@@YGXPAXPAURect_004b0510@@HHH@Z,matched,100.0
0x4b04e0,47,src/unsorted/0x4b04e0.cpp,?FUN_004b04e0@@YGXPAXPAURect_004b0510@@HHH@Z,matched,100.0
0x4b0510,116,src/unsorted/0x4b0510.cpp,?FUN_004b0510@@YGXPAXPAURect_004b0510@@HEH@Z,matched,100.0
0x4b0590,116,src/unsorted/0x4b0590.cpp,?FUN_004b0590@@YGXPAXPAURect_004b0510@@HHH@Z,matched,100.0
0x4b0610,56,src/unsorted/0x4b0610.cpp,??0Class_004b0610@@QAE@XZ,matched,100.0
0x4b0650,3,src/unsorted/0x4b0610.cpp,?FUN_004b0650@Class_004b0610@@UAEXHHH@Z,matched,100.0
0x4b0660,3,src/unsorted/0x4b0610.cpp,?FUN_004b0660@Class_004b0610@@UAEXH@Z,matched,100.0
0x4b0670,3,src/unsorted/0x4b0610.cpp,?FUN_004b0670@Class_004b0610@@UAEXHH@Z,matched,100.0
0x4b0680,5,src/unsorted/0x4b0610.cpp,?FUN_004b0680@Class_004b0610@@UAEHHHHHH@Z,matched,100.0
0x4b0690,5,src/unsorted/0x4b0610.cpp,?FUN_004b0690@Class_004b0610@@UAEHH@Z,matched,100.0
0x4b06a0,3,src/unsorted/0x4b0610.cpp,?FUN_004b06a0@Class_004b0610@@UAEHXZ,matched,100.0
0x4b06b0,63,src/unsorted/0x4b0610.cpp,??_GClass_004b0610@@UAEPAXI@Z,matched,100.0
0x4b06f0,43,src/unsorted/0x4b0610.cpp,??1Class_004b0610@@UAE@XZ,matched,100.0
0x4b07a0,4,src/unsorted/0x4b07a0.cpp,?FUN_004b07a0@Class_004b07a0@@QAEHXZ,matched,100.0
0x4b07b0,5,src/unsorted/0x4b07b0.cpp,?FUN_004b07b0@@YGHHH@Z,matched,100.0
0x4b07c0,107,src/unsorted/0x4b0830.cpp,?FUN_004b07c0@Class_004b07c0@@QAEHPBD@Z,matched,100.0
0x4b0830,135,src/unsorted/0x4b0830.cpp,?FUN_004b0830@Class_004b0830@@QAEHPBD@Z,matched,100.0
0x4b08c0,116,src/unsorted/0x4b08c0.cpp,?FUN_004b08c0@Class_004b08c0@@QAEHH@Z,matched,100.0
0x4b0a10,93,src/unsorted/0x4b0a10.cpp,?FUN_004b0a10@Class_004b0a10@@QAEHHHH@Z,matched,100.0
0x4b0a70,143,src/unsorted/0x4b0a70.cpp,?FUN_004b0a70@Class_004b0a70@@QAEHPADPAXHHHHHH@Z,matched,100.0
0x4b0bc0,128,src/unsorted/0x4b0bc0.cpp,?FUN_004b0bc0@Class_004b0bc0@@QAEHPADPAH111@Z,matched,100.0
0x4b0d20,55,src/unsorted/0x4b0d20.cpp,?FUN_004b0d20@Class_004b0d20@@QAEXH@Z,matched,100.0
0x4b0d60,50,src/unsorted/0x4b0d60.cpp,?FUN_004b0d60@Class_004b0d60@@QAEXH@Z,matched,100.0
0x4b1e50,5,src/unsorted/0x4b1e50.cpp,?FUN_004b1e50@Class_004b0610@@UAEHH@Z,matched,100.0
0x4b1e60,5,src/unsorted/0x4b1e50.cpp,?FUN_004b1e60@Class_004b0610@@UAEHH@Z,matched,100.0
0x4b1e70,5,src/unsorted/0x4b1e50.cpp,?FUN_004b1e70@Class_004b0610@@UAEHH@Z,matched,100.0
0x4b1e80,3,src/unsorted/0x4b1e50.cpp,?FUN_004b1e80@Class_004b0610@@UAEXHHH@Z,matched,100.0
0x4b1e90,3,src/unsorted/0x4b1e50.cpp,?FUN_004b1e90@Class_004b0610@@UAEXH@Z,matched,100.0
0x4b1ea0,3,src/unsorted/0x4b1e50.cpp,?FUN_004b1ea0@Class_004b0610@@UAEXHH@Z,matched,100.0
0x4b1eb0,3,src/unsorted/0x4b1e50.cpp,?FUN_004b1eb0@Class_004b0610@@UAEXHH@Z,matched,100.0
0x4b2840,14,src/unsorted/0x4b2840.cpp,?FUN_004b2840@Class_004b2840@@QAEPAHPAH@Z,matched,100.0
0x4b2fb0,79,src/unsorted/0x4b2fb0.cpp,?FUN_004b2fb0@Class_004b2fb0@@QAEXPAUNode_004b2fb0@@@Z,matched,100.0
0x4b3000,22,src/unsorted/0x4b3000.cpp,?FUN_004b3000@Class_004b3000@@QAEPAV1@PAHPAE@Z,matched,100.0
0x4b3310,90,src/unsorted/0x4b3310.cpp,?FUN_004b3310@Class_004b3310@@QAEXPAUNode_004b3310@@@Z,matched,100.0
0x4b3370,51,src/unsorted/0x4b3370.cpp,?FUN_004b3370@@YGPAUNode_004b3370@@PAU1@@Z,matched,100.0
0x4b33b0,92,src/unsorted/0x4b33b0.cpp,?FUN_004b33b0@Class_004b33b0@@QAEXPAUNode_004b33b0@@@Z,matched,100.0
0x4b3410,27,src/unsorted/0x4b3410.cpp,?FUN_004b3410@Class_004b3410@@QAEPAUNode_004b3410@@PAU2@H@Z,matched,100.0
0x4b3430,84,src/unsorted/0x4b3430.cpp,?FUN_004b3430@Class_004b3430@@QAEPAUNode_004b3430@@ABH@Z,matched,100.0
0x4b3490,84,src/unsorted/0x4b3490.cpp,?FUN_004b3490@Class_004b3490@@QAEPAUNode_004b3490@@ABH@Z,matched,100.0
0x4b34f0,159,src/unsorted/0x4b34f0.cpp,?FUN_004b34f0@Class_004b34f0@@QAEXXZ,matched,100.0
0x4b3590,132,src/unsorted/0x4b3590.cpp,?FUN_004b3590@Class_004b3590@@QAEXXZ,matched,100.0
0x4b3620,9,src/unsorted/0x4b3620.cpp,?FUN_004b3620@Class_004b3620@@QAEPAV1@XZ,matched,100.0
0x4b3750,31,src/unsorted/0x4b3750.cpp,?FUN_004b3750@Class_004b3750@@QAEXXZ,matched,100.0
0x4b4630,138,src/unsorted/0x4b4630.cpp,?FUN_004b4630@Class_004b4630@@QAEHPBDH@Z,matched,100.0
0x4b46c0,138,src/unsorted/0x4b46c0.cpp,?FUN_004b46c0@Class_004b46c0@@QAEHPBDN@Z,matched,100.0
0x4b4800,78,src/unsorted/0x4b4800.cpp,?FUN_004b4800@Class_004b4800@@QAEHPADH@Z,matched,100.0
0x4b4850,78,src/unsorted/0x4b4850.cpp,?FUN_004b4850@Class_004b4850@@QAENPADN@Z,matched,100.0
0x4b48a0,78,src/unsorted/0x4b48a0.cpp,?FUN_004b48a0@Class_004b48a0@@QAEPADPAD0@Z,matched,100.0
0x4b48f0,24,src/unsorted/0x4b48f0.cpp,?FUN_004b48f0@Class_004b48f0@@QAEHPBD@Z,matched,100.0
0x4b4b50,65,src/unsorted/0x4b4b50.cpp,?FUN_004b4b50@Class_004b4b50@@QAEHH@Z,matched,100.0
0x4b4ba0,65,src/unsorted/0x4b4ba0.cpp,?FUN_004b4ba0@Class_004b4ba0@@QAEHPAD@Z,matched,100.0
0x4b4bf0,29,src/unsorted/0x4b4bf0.cpp,?FUN_004b4bf0@Class_004b4bf0@@QAEHXZ,matched,100.0
0x4b4c10,52,src/unsorted/0x4b4c10.cpp,?FUN_004b4c10@Class_004b4c10@@QAEXH@Z,matched,100.0
0x4b4c50,35,src/unsorted/0x4b4c50.cpp,?FUN_004b4c50@Class_004b4c50@@QAEHXZ,matched,100.0
0x4b4c80,98,src/unsorted/0x4b4c80.cpp,?FUN_004b4c80@Class_004b4c80@@QAEHPAXH@Z,matched,100.0
0x4b4cf0,115,src/unsorted/0x4b4cf0.cpp,?FUN_004b4cf0@Class_004b4cf0@@QAEHPAXH@Z,matched,100.0
0x4b4f10,14,src/unsorted/0x4b4f10.cpp,??2@YAPAXI@Z,matched,100.0
0x4b4f20,14,src/unsorted/0x4b4f10.cpp,??3@YAXPAX@Z,matched,100.0
0x4b4f30,14,src/unsorted/0x4b4f30.cpp,?FUN_004b4f30@@YAXI@Z,matched,100.0
0x4b4f40,14,src/unsorted/0x4b4f40.cpp,?FUN_004b4f40@@YAXPAH@Z,matched,100.0
0x4b4f50,117,src/unsorted/0x4b4f50.cpp,?FUN_004b4f50@@YAHXZ,matched,100.0
0x4b4fd0,22,src/unsorted/0x4b4fd0.cpp,?FUN_004b4fd0@@YGXP6AXH@ZH@Z,matched,100.0
0x4b4ff0,127,src/unsorted/0x4b4ff0.cpp,?FUN_004b4ff0@@YGXPAUDisplay_004b4ff0@@@Z,matched,100.0
0x4b52e0,80,src/unsorted/0x4b52e0.cpp,?FUN_004b52e0@@YGXPAUClass_004b52e0@@@Z,matched,100.0
0x4b5330,57,src/unsorted/0x4b5330.cpp,?FUN_004b5330@@YGJPAU_DDSURFACEDESC@@PAX@Z,matched,100.0
0x4b5910,34,src/unsorted/0x4b5910.cpp,?FUN_004b5910@@YAXXZ,matched,100.0
0x4b5940,57,src/unsorted/0x4b5940.cpp,?FUN_004b5940@@YGXHH@Z,matched,100.0
0x4b6220,6,src/unsorted/0x4b6220.cpp,?FUN_004b6220@@YAHXZ,matched,100.0
0x4b6230,91,src/unsorted/0x4b6230.cpp,?FUN_004b6230@@YGXPAD@Z,matched,100.0
0x4b6290,46,src/unsorted/0x4b6290.cpp,?FUN_004b6290@@YGXPAD@Z,matched,100.0
0x4b62c0,5,src/unsorted/0x4b62c0.cpp,?FUN_004b62c0@@YGHH@Z,matched,100.0
0x4b62d0,86,src/unsorted/0x4b62d0.cpp,?FUN_004b62d0@@YGXH@Z,matched,100.0
0x4b6330,12,src/unsorted/0x4b6330.cpp,?FUN_004b6330@@YAHXZ,matched,100.0
0x4b6340,34,src/unsorted/0x4b6340.cpp,?FUN_004b6340@@YAIXZ,matched,100.0
0x4b6370,128,src/unsorted/0x4b6370.cpp,?FUN_004b6370@@YAXXZ,matched,100.0
0x4b64d0,49,src/unsorted/0x4b64d0.cpp,?FUN_004b64d0@@YGHH@Z,matched,100.0
0x4b6510,69,src/unsorted/0x4b6510.cpp,?FUN_004b6510@@YAXXZ,matched,100.0
0x4b6560,6,src/unsorted/0x4b6560.cpp,?FUN_004b6560@@YAKXZ,matched,100.0
0x4b66a0,96,src/unsorted/0x4b66a0.cpp,?FUN_004b66a0@@YAHXZ,matched,100.0
0x4b6700,12,src/unsorted/0x4b6700.cpp,?FUN_004b6700@@YAHXZ,matched,100.0
0x4b6710,12,src/unsorted/0x4b6710.cpp,?FUN_004b6710@@YAHXZ,matched,100.0
0x4b6720,46,src/unsorted/0x4b6720.cpp,?FUN_004b6720@@YGHPAURect_004b6720@@HH@Z,matched,100.0
0x4b6750,123,src/unsorted/0x4b6750.cpp,?FUN_004b6750@@YGHPAURect_004b6750@@0@Z,matched,100.0
0x4b67d0,74,src/unsorted/0x4b67d0.cpp,?FUN_004b67d0@@YGHPAURect_004b67d0@@0@Z,matched,100.0
0x4b6820,26,src/unsorted/0x4b6820.cpp,?FUN_004b6820@@YGHHH@Z,matched,100.0
0x4b6840,28,src/unsorted/0x4b6840.cpp,?FUN_004b6840@@YGXPAEEEE@Z,matched,100.0
0x4b6860,32,src/unsorted/0x4b6860.cpp,?FUN_004b6860@@YGHPBD0PAXPAI@Z,matched,100.0
0x4b69b0,32,src/unsorted/0x4b69b0.cpp,?FUN_004b69b0@@YGHPAX000@Z,matched,100.0
0x4b69d0,42,src/unsorted/0x4b69d0.cpp,?FUN_004b69d0@@YGHPAX00@Z,matched,100.0
0x4b6a00,32,src/unsorted/0x4b6a00.cpp,?FUN_004b6a00@@YGXPAX00H@Z,matched,100.0
0x4b6a20,48,src/unsorted/0x4b6a20.cpp,?FUN_004b6a20@@YGXPAX0PAD@Z,matched,100.0
0x4b6a50,42,src/unsorted/0x4b6a50.cpp,?FUN_004b6a50@@YGXPAD0H@Z,matched,100.0
0x4b6a80,111,src/unsorted/0x4b6a80.cpp,?FUN_004b6a80@@YGHPAD@Z,matched,100.0
0x4b6af0,48,src/unsorted/0x4b6af0.cpp,?FUN_004b6af0@@YGPADPADH@Z,matched,100.0
0x4b6b20,36,src/unsorted/0x4b6b20.cpp,?FUN_004b6b20@@YGHPAXI0@Z,matched,100.0
0x4b6b50,14,src/unsorted/0x4b6b50.cpp,?FUN_004b6b50@@YGXI@Z,matched,100.0
0x4b6b60,19,src/unsorted/0x4b6b60.cpp,?FUN_004b6b60@@YGXH@Z,matched,100.0
0x4b6b80,26,src/unsorted/0x4b6b80.cpp,?FUN_004b6b80@@YGXPBDH@Z,matched,100.0
0x4b6ba0,129,src/unsorted/0x4b6ba0.cpp,?FUN_004b6ba0@@YGHPAEH@Z,matched,100.0
0x4b6ca0,19,src/unsorted/0x4b6ca0.cpp,?FUN_004b6ca0@@YGXI@Z,matched,100.0
0x4b6cc0,134,src/unsorted/0x4b6cc0.cpp,?FUN_004b6cc0@@YGXPAUVec3_004b6cc0@@0PAF@Z,matched,100.0
0x4b6d50,69,src/unsorted/0x4b6d50.cpp,?FUN_004b6d50@@YGXPAUVec3_004b6d50@@0H@Z,matched,100.0
0x4b6da0,69,src/unsorted/0x4b6da0.cpp,?FUN_004b6da0@@YGXPAUVec3_004b6da0@@0H@Z,matched,100.0
0x4b6df0,69,src/unsorted/0x4b6df0.cpp,?FUN_004b6df0@@YGXPAUVec3_004b6df0@@0H@Z,matched,100.0
0x4b6e40,49,src/unsorted/0x4b6e40.cpp,?FUN_004b6e40@@YGHHH@Z,matched,100.0
0x4b6e80,39,src/unsorted/0x4b6e80.cpp,?FUN_004b6e80@@YGNMMMMMM@Z,matched,100.0
0x4b6eb0,71,src/unsorted/0x4b6eb0.cpp,?FUN_004b6eb0@@YG?AUVec3f_004b6eb0@@U1@0@Z,matched,100.0
0x4b6f00,101,src/unsorted/0x4b6f00.cpp,?FUN_004b6f00@@YG?AUVec3f_004b6f00@@UVec3i_004b6f00@@0@Z,matched,100.0
0x4b6f70,115,src/unsorted/0x4b6f70.cpp,?FUN_004b6f70@@YG?AUVec3f_004b6f70@@U1@0@Z,matched,100.0
0x4b6ff0,113,src/unsorted/0x4b6ff0.cpp,?FUN_004b6ff0@@YG?AUVec3f_004b6ff0@@U1@@Z,matched,100.0
0x4b7070,41,src/unsorted/0x4b7070.cpp,?FUN_004b7070@@YGMMMM@Z,matched,100.0
0x4b73b0,13,src/unsorted/0x4b73b0.cpp,?FUN_004b73b0@Class_004b73b0@@QAEPAV1@XZ,matched,100.0
0x4b73c0,29,src/unsorted/0x4b73c0.cpp,?FUN_004b73c0@Class_004b73c0@@QAEHHH@Z,matched,100.0
0x4b73e0,38,src/unsorted/0x4b73e0.cpp,?FUN_004b73e0@Class_004b73e0@@QAEHHH@Z,matched,100.0
0x4b7410,38,src/unsorted/0x4b7410.cpp,?FUN_004b7410@Class_004b7410@@QAEMHM@Z,matched,100.0
0x4b74f0,79,src/unsorted/0x4b74f0.cpp,?FUN_004b74f0@Class_004b74f0@@QAEXPAV1@@Z,matched,100.0
0x4b7540,77,src/unsorted/0x4b7540.cpp,?FUN_004b7540@Class_004b7540@@QAEXH@Z,matched,100.0
0x4b7590,13,src/unsorted/0x4b7590.cpp,?FUN_004b7590@@YAXXZ,matched,100.0
0x4b75a0,42,src/unsorted/0x4b75a0.cpp,_$E5,matched,100.0
0x4b75d0,67,src/unsorted/0x4b75d0.cpp,_$E3,matched,100.0
0x4b78e0,22,src/unsorted/0x4b78e0.cpp,?FUN_004b78e0@@YGXHH@Z,matched,100.0
0x4b7a10,30,src/unsorted/0x4b7a30.cpp,?FUN_004b7a10@@YGHPADH@Z,matched,100.0
0x4b7a30,142,src/unsorted/0x4b7a30.cpp,?FUN_004b7a30@@YGHPADHPAVClass_004b74f0@@H@Z,matched,100.0
0x4b7ac0,1,src/unsorted/0x4b7ac0.cpp,?FUN_004b7ac0@@YAXXZ,matched,100.0
0x4b7ad0,45,src/unsorted/0x4b7ad0.cpp,?FUN_004b7ad0@@YAXXZ,matched,100.0
0x4b7e00,33,src/unsorted/0x4b7e00.cpp,?FUN_004b7e00@Class_004b7e00@@QAEPAXPAH@Z,matched,100.0
0x4b7e30,33,src/unsorted/0x4b7e30.cpp,??0Class_004b7e30@@QAE@ABV0@@Z,matched,100.0
0x4b7e60,121,src/unsorted/0x4b7e60.cpp,?FUN_004b7e60@@YGXPAURect_004b7e60@@00@Z,matched,100.0
0x4b7ee0,23,src/unsorted/0x4b7ee0.cpp,?FUN_004b7ee0@@YGHPAUHandle_004b7ee0@@@Z,matched,100.0
0x4b7f00,39,src/unsorted/0x4b7f00.cpp,?FUN_004b7f00@@YGHPAUObj_004b7f00@@H@Z,matched,100.0
0x4b7f30,36,src/unsorted/0x4b7f30.cpp,?FUN_004b7f30@@YGHPAGH@Z,matched,100.0
0x4b7f60,12,src/unsorted/0x4b7f60.cpp,?FUN_004b7f60@@YGGPAX@Z,matched,100.0
0x4b7f70,32,src/unsorted/0x4b7f70.cpp,?FUN_004b7f70@@YGGPAUObj_004b7f70@@@Z,matched,100.0
0x4b8a80,89,src/unsorted/0x4b8a80.cpp,?FUN_004b8a80@@YGXPAUSurface_004b8a80@@PAUSrc_004b8a80@@@Z,matched,100.0
0x4b8ae0,69,src/unsorted/0x4b8ae0.cpp,?FUN_004b8ae0@@YGXPAUDst_004b8ae0@@PAUSrc_004b8ae0@@@Z,matched,100.0
0x4b8b30,81,src/unsorted/0x4b8b30.cpp,?FUN_004b8b30@@YGXPAURef_004b8b30@@PAUSrc_004b8b30@@H@Z,matched,100.0
0x4b8b90,91,src/unsorted/0x4b8b90.cpp,?FUN_004b8b90@@YGHPAURef_004b8b90@@@Z,matched,100.0
0x4b8bf0,101,src/unsorted/0x4b8bf0.cpp,?FUN_004b8bf0@@YGXPAURef_004b8bf0@@F@Z,matched,100.0
0x4b8d40,85,src/unsorted/0x4b8d40.cpp,?FUN_004b8d40@@YGPAUGafEntry_004b8d40@@PAUGaf_004b8d40@@PBD@Z,matched,100.0
0x4b8da0,83,src/unsorted/0x4b8da0.cpp,?FUN_004b8da0@@YGPAUClass_004b8da0@@IHH@Z,matched,100.0
0x4b8e00,77,src/unsorted/0x4b8e00.cpp,?FUN_004b8e00@@YGPAUBitmap_004b8e00@@IHH@Z,matched,100.0
0x4b8e50,104,src/unsorted/0x4b8e50.cpp,?FUN_004b8e50@@YGXPAUBitmap_004b8e50@@H@Z,matched,100.0
0x4b96a0,54,src/unsorted/0x4b96a0.cpp,?FUN_004b96a0@@YGXPAUImage_004b96a0@@@Z,matched,100.0
0x4b96e0,90,src/unsorted/0x4b96e0.cpp,?FUN_004b96e0@@YGXPAUImage_004b96e0@@E@Z,matched,100.0
0x4b9e60,110,src/unsorted/0x4b9e60.cpp,?FUN_004b9e60@@YGHPAEPAUImage_004b9e60@@@Z,matched,100.0
0x4b9ed0,120,src/unsorted/0x4b9ed0.cpp,?FUN_004b9ed0@@YGXPADH@Z,matched,100.0
0x4ba1b0,69,src/unsorted/0x4ba1b0.cpp,?FUN_004ba1b0@@YGXPAUImage_004ba1b0@@E@Z,matched,100.0
0x4ba590,36,src/unsorted/0x4ba590.cpp,?FUN_004ba590@@YGXH@Z,matched,100.0
0x4ba5c0,36,src/unsorted/0x4ba5c0.cpp,?FUN_004ba5c0@@YGHH@Z,matched,100.0
0x4ba5f0,22,src/unsorted/0x4ba5f0.cpp,?FUN_004ba5f0@@YGXPAUStruct_4ba5f0@@@Z,matched,100.0
0x4ba610,36,src/unsorted/0x4ba610.cpp,?FUN_004ba610@@YGHPAUObj_004ba610@@@Z,matched,100.0
0x4ba640,22,src/unsorted/0x4ba640.cpp,?FUN_004ba640@@YGXPAUClass_004ba640@@@Z,matched,100.0
0x4ba660,36,src/unsorted/0x4ba660.cpp,?FUN_004ba660@@YGHPAUStruct_004ba660@@@Z,matched,100.0
0x4ba690,22,src/unsorted/0x4ba690.cpp,?FUN_004ba690@@YGXH@Z,matched,100.0
0x4ba6b0,36,src/unsorted/0x4ba6b0.cpp,?FUN_004ba6b0@@YGHPAUStruct_004ba6b0@@@Z,matched,100.0
0x4ba6e0,22,src/unsorted/0x4ba6e0.cpp,?FUN_004ba6e0@@YGXPAUClass_004ba6e0@@@Z,matched,100.0
0x4ba700,36,src/unsorted/0x4ba700.cpp,?FUN_004ba700@@YGHPAUStruct_004ba700@@@Z,matched,100.0
0x4ba730,22,src/unsorted/0x4ba730.cpp,?FUN_004ba730@@YGXPAUObj_004ba730@@@Z,matched,100.0
0x4ba880,151,src/unsorted/0x4ba880.cpp,?FUN_004ba880@@YGEPAUtagPALETTEENTRY@@U1@@Z,matched,100.0
0x4baad0,43,src/unsorted/0x4baad0.cpp,?FUN_004baad0@@YGXPAI@Z,matched,100.0
0x4bab00,43,src/unsorted/0x4bab00.cpp,?FUN_004bab00@@YGXPAI@Z,matched,100.0
0x4bab30,43,src/unsorted/0x4bab30.cpp,?FUN_004bab30@@YGXPAI@Z,matched,100.0
0x4bab60,42,src/unsorted/0x4bab60.cpp,?FUN_004bab60@@YGXPAI@Z,matched,100.0
0x4bab90,3,src/unsorted/0x4bab90.cpp,?FUN_004bab90@@YGXHHH@Z,matched,100.0
0x4baba0,44,src/unsorted/0x4baba0.cpp,?FUN_004baba0@@YGXPAI@Z,matched,100.0
0x4bb0a0,67,src/unsorted/0x4bb0a0.cpp,?FUN_004bb0a0@@YGHPAD@Z,matched,100.0
0x4bb0f0,44,src/unsorted/0x4bb0f0.cpp,?FUN_004bb0f0@@YGPADPAD@Z,matched,100.0
0x4bb120,45,src/unsorted/0x4bb120.cpp,?FUN_004bb120@@YGPADPAD@Z,matched,100.0
0x4bb150,59,src/unsorted/0x4bb150.cpp,?FUN_004bb150@@YGPADPAD@Z,matched,100.0
0x4bb190,107,src/unsorted/0x4bb190.cpp,?FUN_004bb190@@YGDD@Z,matched,100.0
0x4bb200,88,src/unsorted/0x4bb200.cpp,?FUN_004bb200@@YGKDPADK@Z,matched,100.0
0x4bb260,94,src/unsorted/0x4bb260.cpp,?FUN_004bb260@@YGKD@Z,matched,100.0
0x4bb2c0,18,src/unsorted/0x4bb2c0.cpp,?FUN_004bb2c0@@YGXPAX@Z,matched,100.0
0x4bb5b0,18,src/unsorted/0x4bb5b0.cpp,?FUN_004bb5b0@@YGXPAX@Z,matched,100.0
0x4bb5d0,124,src/unsorted/0x4bb5d0.cpp,?FUN_004bb5d0@@YGHPAUFile_004bb5d0@@@Z,matched,100.0
0x4bb650,17,src/unsorted/0x4bb650.cpp,?FUN_004bb650@@YG_NPAUClass_004bb650@@@Z,matched,100.0
0x4bb670,36,src/unsorted/0x4bb670.cpp,?FUN_004bb670@Class_004bb670@@QAEXPBD@Z,matched,100.0
0x4bb6a0,109,src/unsorted/0x4bb6a0.cpp,?FUN_004bb6a0@@YGPAUFile_004bb6a0@@PAD@Z,matched,100.0
0x4bb710,135,src/unsorted/0x4bb710.cpp,?FUN_004bb710@@YGJPAUFile_004bb710@@J@Z,matched,100.0
0x4bb7a0,31,src/unsorted/0x4bb7a0.cpp,?FUN_004bb7a0@@YGJPAUStruct_4bb7a0@@@Z,matched,100.0
0x4bbbe0,43,src/unsorted/0x4bbbe0.cpp,?FUN_004bbbe0@@YGIPAUClass_004bbbe0@@PAXI@Z,matched,100.0
0x4bbc10,21,src/unsorted/0x4bbc10.cpp,?FUN_004bbc10@@YGXPBD0@Z,matched,100.0
0x4bbc30,16,src/unsorted/0x4bbc30.cpp,?FUN_004bbc30@@YGXPBD@Z,matched,100.0
0x4bbd00,46,src/unsorted/0x4bbd00.cpp,?FUN_004bbd00@@YGJPAUClass_004bbd00@@@Z,matched,100.0
0x4bc290,72,src/unsorted/0x4bc290.cpp,?FUN_004bc290@@YGHPADPAXH@Z,matched,100.0
0x4bc2e0,23,src/unsorted/0x4bc2e0.cpp,?FUN_004bc2e0@@YGXPAD@Z,matched,100.0
0x4bc300,32,src/unsorted/0x4bc300.cpp,?FUN_004bc300@@YGHPAD@Z,matched,100.0
0x4bc320,52,src/unsorted/0x4bc320.cpp,?FUN_004bc320@@YGPADPAD0H@Z,matched,100.0
0x4bc360,16,src/unsorted/0x4bc360.cpp,?FUN_004bc360@@YGXPBD@Z,matched,100.0
0x4bc8d0,84,src/unsorted/0x4bc8d0.cpp,?FUN_004bc8d0@@YGHPAUFind_004bc8d0@@@Z,matched,100.0
0x4bce10,65,src/unsorted/0x4bce10.cpp,?FUN_004bce10@@YAXXZ,matched,100.0
0x4bce60,58,src/unsorted/0x4bce60.cpp,?FUN_004bce60@@YGHPAD@Z,matched,100.0
0x4bcea0,32,src/unsorted/0x4bcea0.cpp,?FUN_004bcea0@@YGXPAD@Z,matched,100.0
0x4bcec0,32,src/unsorted/0x4bcec0.cpp,?FUN_004bcec0@@YGXPAD@Z,matched,100.0
0x4bcee0,20,src/unsorted/0x4bcee0.cpp,?FUN_004bcee0@@YAXXZ,matched,100.0
0x4bcf00,121,src/unsorted/0x4bcf00.cpp,?FUN_004bcf00@@YGXPAD@Z,matched,100.0
0x4bd150,5,src/unsorted/0x4bd150.cpp,?FUN_004bd150@@YGHHH@Z,matched,100.0
0x4be070,49,src/unsorted/0x4be070.cpp,?FUN_004be070@@YGXPAUFile_004be070@@@Z,matched,100.0
0x4be320,135,src/unsorted/0x4be320.cpp,?FUN_004be320@@YAXXZ,matched,100.0
0x4be3b0,73,src/unsorted/0x4be3b0.cpp,?FUN_004be3b0@@YGXPAUList_004be3b0@@@Z,matched,100.0
0x4befe0,115,src/unsorted/0x4befe0.cpp,?FUN_004befe0@@YGIPAUSurface_004befe0@@HH@Z,matched,100.0
0x4c0310,28,src/unsorted/0x4c0310.cpp,?FUN_004c0310@@YGXPAXPAHHH@Z,matched,100.0
0x4c07b0,106,src/unsorted/0x4c07b0.cpp,?FUN_004c07b0@@YGHPAXPAUPoint_004c07b0@@HH@Z,matched,100.0
0x4c0a90,118,src/unsorted/0x4c0a90.cpp,?FUN_004c0a90@@YGXHPAUSpan_004c0a90@@PAUSurface_004c0a90@@E@Z,partial,85.7
0x4c1320,126,src/unsorted/0x4c1320.cpp,?FUN_004c1320@@YGHPAUPoint_004c1320@@HHH@Z,matched,100.0
0x4c13a0,38,src/unsorted/0x4c13a0.cpp,?FUN_004c13a0@@YGXHH@Z,matched,100.0
0x4c13d0,18,src/unsorted/0x4c13d0.cpp,?FUN_004c13d0@@YGXH@Z,matched,100.0
0x4c13f0,12,src/unsorted/0x4c13f0.cpp,?FUN_004c13f0@@YAHXZ,matched,100.0
0x4c1400,12,src/unsorted/0x4c1400.cpp,?FUN_004c1400@@YAHXZ,matched,100.0
0x4c1410,12,src/unsorted/0x4c1410.cpp,?FUN_004c1410@@YAHXZ,matched,100.0
0x4c1420,24,src/unsorted/0x4c1420.cpp,?FUN_004c1420@@YGXH@Z,matched,100.0
0x4c1440,12,src/unsorted/0x4c1440.cpp,?FUN_004c1440@@YAHXZ,matched,100.0
0x4c1450,18,src/unsorted/0x4c1450.cpp,?FUN_004c1450@@YAHXZ,matched,100.0
0x4c1470,11,src/unsorted/0x4c1470.cpp,?FUN_004c1470@@YGEPAX@Z,matched,100.0
0x4c1480,97,src/unsorted/0x4c1480.cpp,?FUN_004c1480@@YGHPAUFont_004c1480@@PAE@Z,matched,100.0
0x4c1a40,20,src/unsorted/0x4c1a40.cpp,?FUN_004c1a40@@YAXXZ,matched,100.0
0x4c1a60,54,src/unsorted/0x4c1a60.cpp,?FUN_004c1a60@@YGXH@Z,matched,100.0
0x4c1aa0,1,src/unsorted/0x4c1aa0.cpp,?FUN_004c1aa0@@YAXXZ,matched,100.0
0x4c1ab0,66,src/unsorted/0x4c1ab0.cpp,?FUN_004c1ab0@@YAHXZ,partial,90.0
0x4c1b00,32,src/unsorted/0x4c1b00.cpp,?FUN_004c1b00@@YAHXZ,matched,100.0
0x4c1b20,84,src/unsorted/0x4c1b20.cpp,?FUN_004c1b20@@YGXH@Z,matched,100.0
0x4c22a0,47,src/unsorted/0x4c22a0.cpp,?FUN_004c22a0@@YAXXZ,matched,100.0
0x4c22d0,18,src/unsorted/0x4c22d0.cpp,?FUN_004c22d0@@YGXH@Z,matched,100.0
0x4c22f0,19,src/unsorted/0x4c22f0.cpp,?FUN_004c22f0@@YGXHH@Z,matched,100.0
0x4c2310,40,src/unsorted/0x4c2310.cpp,?FUN_004c2310@@YGXPAH0@Z,matched,100.0
0x4c2340,29,src/unsorted/0x4c2340.cpp,?FUN_004c2340@@YGXPAH@Z,matched,100.0
0x4c2360,29,src/unsorted/0x4c2360.cpp,?FUN_004c2360@@YGXPAH@Z,matched,100.0
0x4c2380,85,src/unsorted/0x4c2380.cpp,?FUN_004c2380@@YAXXZ,matched,100.0
0x4c23e0,129,src/unsorted/0x4c23e0.cpp,?FUN_004c23e0@@YGXPAUObj_004c23e0@@@Z,matched,100.0
0x4c2470,62,src/unsorted/0x4c2470.cpp,?FUN_004c2470@@YAXXZ,matched,100.0
0x4c2a80,62,src/unsorted/0x4c2a80.cpp,?FUN_004c2a80@@YGHPAUStruct_004c2ac0@@@Z,matched,100.0
0x4c2ac0,88,src/unsorted/0x4c2ac0.cpp,?FUN_004c2ac0@@YGHPAUStruct_004c2ac0@@@Z,matched,100.0
0x4c2b20,116,src/unsorted/0x4c2b20.cpp,?FUN_004c2b20@@YGXH@Z,matched,100.0
0x4c2ba0,12,src/unsorted/0x4c2ba0.cpp,?FUN_004c2ba0@@YAHXZ,matched,100.0
0x4c2bb0,20,src/unsorted/0x4c2bb0.cpp,?FUN_004c2bb0@@YAXXZ,matched,100.0
0x4c2cc0,156,src/unsorted/0x4c2cc0.cpp,?FUN_004c2cc0@@YAXXZ,matched,100.0
0x4c2d60,115,src/unsorted/0x4c2d60.cpp,?FUN_004c2d60@@YGHPAUEvent_4c2d60@@@Z,matched,100.0
0x4c2de0,80,src/unsorted/0x4c2de0.cpp,?FUN_004c2de0@@YGHPAUEvent_4c2de0@@@Z,matched,100.0
0x4c2e30,98,src/unsorted/0x4c2e30.cpp,?FUN_004c2e30@@YGXPAUEvent_4c2e30@@@Z,matched,100.0
0x4c2ea0,13,src/unsorted/0x4c2ea0.cpp,??0Class_004c2ea0@@QAE@XZ,matched,100.0
0x4c2eb0,171,src/unsorted/0x4c51b0.cpp,??1Class_004c2ea0@@QAE@XZ,matched,100.0
0x4c33a0,105,src/unsorted/0x4c33a0.cpp,?FUN_004c33a0@Class_004c33a0@@QAEXPAD@Z,matched,100.0
0x4c3410,115,src/unsorted/0x4c3410.cpp,?FUN_004c3410@Class_004c3410@@QAEHPAD@Z,matched,100.0
0x4c3730,13,src/unsorted/0x4c3730.cpp,?what@logic_error@std@@UBEPBDXZ,matched,100.0
0x4c38f0,95,src/unsorted/0x4c38f0.cpp,??_Glogic_error@std@@UAEPAXI@Z,matched,100.0
0x4c3c60,95,src/unsorted/0x4c3c60.cpp,??_Gout_of_range@std@@UAEPAXI@Z,matched,100.0
0x4c3e10,8,src/unsorted/0x4c3e10.cpp,?FUN_004c3e10@Class_004c3e10@@QAEXXZ,matched,100.0
0x4c3e20,4,src/unsorted/0x4c3e20.cpp,?FUN_004c3e20@Class_004c3e20@@QAEHXZ,matched,100.0
0x4c3e30,10,src/unsorted/0x4c3e30.cpp,?FUN_004c3e30@Class_004c3e30@@QAEXH@Z,matched,100.0
0x4c43f0,43,src/unsorted/0x4c43f0.cpp,?FUN_004c43f0@Class_004c43f0@@QAEXII@Z,matched,100.0
0x4c4420,24,src/unsorted/0x4c4420.cpp,?FUN_004c4420@Class_004c4420@@QAEXPADI@Z,matched,100.0
0x4c4440,3,src/unsorted/0x4c4440.cpp,?FUN_004c4440@Class_004c4440@@QAEHXZ,matched,100.0
0x4c4450,19,src/unsorted/0x4c4450.cpp,?FUN_004c4450@Class_004c4450@@QAEHXZ,matched,100.0
0x4c4470,71,src/unsorted/0x4c4470.cpp,?FUN_004c4470@Class_004c4470@@QAEPAUNamed_004c4470@@PBD@Z,matched,100.0
0x4c45c0,19,src/unsorted/0x4c45c0.cpp,?FUN_004c45c0@Class_004c45c0@@QAEHXZ,matched,100.0
0x4c45e0,74,src/unsorted/0x4c45e0.cpp,?FUN_004c45e0@Class_004c45e0@@QAEPADH@Z,matched,100.0
0x4c4630,136,src/unsorted/0x4c4630.cpp,?FUN_004c4630@Class_004c4630@@QAEHPAD@Z,matched,100.0
0x4c46c0,155,src/unsorted/0x4c46c0.cpp,?FUN_004c46c0@Class_004c46c0@@QAEHPBDH@Z,matched,100.0
0x4c4760,155,src/unsorted/0x4c4760.cpp,?FUN_004c4760@Class_004c4760@@QAENPBDN@Z,matched,100.0
0x4c48c0,212,src/unsorted/0x4c48c0.cpp,?FUN_004c48c0@Class_004c48c0@@QAEHPAD0I0@Z,matched,100.0
0x4c5170,24,src/unsorted/0x4c5170.cpp,?FUN_004c5170@@YGXPAD@Z,matched,100.0
0x4c5190,20,src/unsorted/0x4c5190.cpp,??1Elem_004c5bc0@@QAE@XZ,matched,100.0
0x4c51b0,40,src/unsorted/0x4c51b0.cpp,??_GElem_004c5bc0@@QAEPAXI@Z,matched,100.0
0x4c5470,33,src/unsorted/0x4c5470.cpp,?FUN_004c5470@Class_004c5470@@QAEPAXPAH@Z,matched,100.0
0x4c54a0,33,src/unsorted/0x4c54a0.cpp,??0Class_004c54a0@@QAE@ABV0@@Z,matched,100.0
0x4c54d0,32,src/unsorted/0x4c54d0.cpp,??0Class_004c54d0@@QAE@ABVClass_004c91a0@@0@Z,matched,100.0
0x4c5840,81,src/unsorted/0x4c5840.cpp,?FUN_004c5840@@YGHPAD@Z,matched,100.0
0x4c5b70,48,src/unsorted/0x4c5b70.cpp,?_Destroy@?$vector@UElem_004c5bc0@@V?$allocator@UElem_004c5bc0@@@std@@@std@@IAEXPAUElem_004c5bc0@@0@Z,matched,100.0
0x4c5ba0,19,src/unsorted/0x4c5ba0.cpp,?FUN_004c5ba0@Class_004c5ba0@@QAEHXZ,matched,100.0
0x4c5bc0,87,src/unsorted/0x4c5bc0.cpp,?_Ucopy@?$vector@UElem_004c5bc0@@V?$allocator@UElem_004c5bc0@@@std@@@std@@IAEPAUElem_004c5bc0@@PBU3@0PAU3@@Z,matched,100.0
0x4c5c20,63,src/unsorted/0x4c5c20.cpp,?_Ufill@?$vector@UElem_004c5bc0@@V?$allocator@UElem_004c5bc0@@@std@@@std@@IAEXPAUElem_004c5bc0@@IABU3@@Z,matched,100.0
0x4c5cd0,61,src/unsorted/0x4c5cd0.cpp,?FUN_004c5cd0@@YGXPAUElem_004c5bc0@@0ABU1@@Z,matched,100.0
0x4c5d10,80,src/unsorted/0x4c5d10.cpp,?FUN_004c5d10@@YGPAUElem_004c5bc0@@PAU1@00@Z,matched,100.0
0x4c5d60,39,src/unsorted/0x4c5d60.cpp,?FUN_004c5d60@@YGXPAUElem_004c5bc0@@ABU1@@Z,matched,100.0
0x4c5d90,36,src/unsorted/0x4c5d90.cpp,?FUN_004c5d90@@YGXPAUSurface_004c5d90@@D@Z,matched,100.0
0x4c5dc0,18,src/unsorted/0x4c5dc0.cpp,?FUN_004c5dc0@@YGXHH@Z,matched,100.0
0x4c5de0,6,src/unsorted/0x4c5de0.cpp,?FUN_004c5de0@@YAHXZ,matched,100.0
0x4c5df0,124,src/unsorted/0x4c5df0.cpp,?FUN_004c5df0@@YAXXZ,matched,100.0
0x4c5fa0,77,src/unsorted/0x4c5fa0.cpp,?FUN_004c5fa0@@YGHPAUSurface_004c5fa0@@@Z,matched,100.0
0x4c61b0,62,src/unsorted/0x4c61b0.cpp,?FUN_004c61b0@@YGHH@Z,matched,100.0
0x4c61f0,18,src/unsorted/0x4c61f0.cpp,?FUN_004c61f0@@YGXH@Z,matched,100.0
0x4c69a0,28,src/unsorted/0x4c69a0.cpp,?FUN_004c69a0@@YGXH@Z,matched,100.0
0x4c69c0,36,src/unsorted/0x4c69c0.cpp,?FUN_004c69c0@@YGXPAH@Z,matched,100.0
0x4c69f0,107,src/unsorted/0x4c69f0.cpp,?FUN_004c69f0@@YGPAUClass_004c6a60@@PADHH@Z,matched,100.0
0x4c6a60,92,src/unsorted/0x4c6a60.cpp,?FUN_004c6a60@@YGXPAUClass_004c6a60@@HHHH@Z,matched,100.0
0x4c6ac0,26,src/unsorted/0x4c6ac0.cpp,?FUN_004c6ac0@@YGXPAUStruct_004c6ac0@@@Z,matched,100.0
0x4c6ae0,36,src/unsorted/0x4c6ae0.cpp,?FUN_004c6ae0@Class_004c6ae0@@QAEPAUVec4_4c6ae0@@PAU2@@Z,matched,100.0
0x4c6b10,33,src/unsorted/0x4c6b10.cpp,?FUN_004c6b10@Class_004c6b10@@QAEXURect_004c6b10@@@Z,matched,100.0
0x4c6b40,18,src/unsorted/0x4c6b40.cpp,?FUN_004c6b40@@YGXH@Z,matched,100.0
0x4c6b60,12,src/unsorted/0x4c6b60.cpp,?FUN_004c6b60@@YAHXZ,matched,100.0
0x4c6d20,149,src/unsorted/0x4c6d20.cpp,?FUN_004c6d20@@YGXPAUSurface_004c6d20@@0PAURect_004c6d20@@PAUPoint_004c6d20@@@Z,matched,100.0
0x4c6e70,149,src/unsorted/0x4c6e70.cpp,?FUN_004c6e70@@YGXPAUSurface_004c6e70@@0PAURect_004c6e70@@PAUPoint_004c6e70@@@Z,matched,100.0
0x4c7080,72,src/unsorted/0x4c7080.cpp,?FUN_004c7080@@YGXH@Z,matched,100.0
0x4c9180,22,src/unsorted/0x4c9180.cpp,??0Class_004c9180@@QAE@XZ,matched,100.0
0x4c91a0,16,src/unsorted/0x4c91a0.cpp,??0Class_004c91a0@@QAE@ABV0@@Z,matched,100.0
0x4c91b0,117,src/unsorted/0x4c91b0.cpp,??0Class_004c91b0@@QAE@PBD@Z,matched,100.0
0x4c9230,89,src/unsorted/0x4c9230.cpp,??0Class_004c9230@@QAE@PBDH@Z,matched,100.0
0x4c9290,128,src/unsorted/0x4c9290.cpp,?FUN_004c9290@Class_004c9290@@QAEPAV1@XZ,matched,100.0
0x4c9310,128,src/unsorted/0x4c9310.cpp,?FUN_004c9310@Class_004c9310@@QAEPAV1@XZ,matched,100.0
0x4c9390,31,src/unsorted/0x4c9390.cpp,?FUN_004c9390@Class_004c9390@@QAEXXZ,matched,100.0
0x4c93b0,56,src/unsorted/0x4c93b0.cpp,?FUN_004c93b0@Class_004c93b0@@QAEPAU1@PAU1@@Z,matched,100.0
0x4c93f0,145,src/unsorted/0x4c93f0.cpp,?FUN_004c93f0@Class_004c93f0@@QAEPAV1@PBD@Z,matched,100.0
0x4c9740,1,src/unsorted/0x4c9740.cpp,?FUN_004c9740@@YAXH@Z,matched,100.0
0x4c9750,64,src/unsorted/0x4c9750.cpp,?FUN_004c9750@@YAPADXZ,matched,100.0
0x4c9790,31,src/unsorted/0x4c9790.cpp,?FUN_004c9790@@YGHH@Z,matched,100.0
0x4c9800,63,src/unsorted/0x4c9800.cpp,?FUN_004c9800@@YGHPAUNet_4c9800@@KKPAXK@Z,matched,100.0
0x4c9840,69,src/unsorted/0x4c9840.cpp,?FUN_004c9840@@YGHPAUNet_4c9840@@PAXPAK@Z,matched,100.0
0x4c9890,139,src/unsorted/0x4c9890.cpp,?FUN_004c9890@@YGHPAUNet_4c9890@@PAD1HHHH@Z,matched,100.0
0x4c9b70,169,src/unsorted/0x4c9b70.cpp,?FUN_004c9b70@@YGXPAUNet_4c9b70@@@Z,matched,100.0
0x4c9c20,40,src/unsorted/0x4c9c20.cpp,?FUN_004c9c20@@YGXPAUNet_4c9c20@@@Z,matched,100.0
0x4c9d10,29,src/unsorted/0x4c9d10.cpp,?FUN_004c9d10@@YGHHHHHPAX@Z,matched,100.0
0x4c9d30,67,src/unsorted/0x4c9d30.cpp,?FUN_004c9d30@@YGHPAUNet_4c9d30@@KPAXK@Z,matched,100.0
0x4c9d80,67,src/unsorted/0x4c9d80.cpp,?FUN_004c9d80@@YGHPAUNet_4c9d80@@KPAXPAK@Z,matched,100.0
0x4c9dd0,117,src/unsorted/0x4c9dd0.cpp,?FUN_004c9dd0@@YGHPAUNet_4c9dd0@@@Z,matched,100.0
0x4c9f90,50,src/unsorted/0x4c9f90.cpp,?FUN_004c9f90@@YGHPAUNet_4c9f90@@@Z,matched,100.0
0x4ca250,212,src/unsorted/0x4ca250.cpp,?FUN_004ca250@@YGHPAUNet_4ca250@@HHHPAUGuid_4ca250@@@Z,matched,100.0
0x4ca400,66,src/unsorted/0x4ca400.cpp,?FUN_004ca400@@YGHPAUNet_4ca400@@HH@Z,matched,100.0
0x4ca450,55,src/unsorted/0x4ca450.cpp,?FUN_004ca450@@YGIPAUNet_004ca450@@@Z,matched,100.0
0x4ca590,53,src/unsorted/0x4ca590.cpp,?FUN_004ca590@@YGHPAUObj_4ca590@@PAH@Z,matched,100.0
0x4ca6a0,223,src/unsorted/0x4ca6a0.cpp,?FUN_004ca6a0@@YGHPAUNet_004ca6a0@@PAKPAD22FF@Z,matched,100.0
0x4ca780,55,src/unsorted/0x4ca780.cpp,?FUN_004ca780@@YGHPAUNet_4ca780@@K@Z,matched,100.0
0x4ca7c0,59,src/unsorted/0x4ca7c0.cpp,?FUN_004ca7c0@@YGHPAUNet_4ca7c0@@KPAXPAK@Z,matched,100.0
0x4ca800,59,src/unsorted/0x4ca800.cpp,?FUN_004ca800@@YGHPAUNet_4ca800@@KPAXK@Z,matched,100.0
0x4ca840,64,src/unsorted/0x4ca840.cpp,?FUN_004ca840@@YGHPAUNet_4ca840@@PAX11K@Z,matched,100.0
0x4ca880,64,src/unsorted/0x4ca880.cpp,?FUN_004ca880@@YGHPAUNet_4ca880@@PAXK1PAK@Z,matched,100.0
0x4ca8c0,64,src/unsorted/0x4ca8c0.cpp,?FUN_004ca8c0@@YGHPAUNet_4ca8c0@@PAX1K1@Z,matched,100.0
0x4ca900,63,src/unsorted/0x4ca900.cpp,?FUN_004ca900@@YGJPAU_GUID@@PAUNet_004ca900@@@Z,matched,100.0
0x4ca940,68,src/unsorted/0x4ca940.cpp,?FUN_004ca940@@YGHPAUNet_004ca940@@@Z,matched,100.0
0x4ca990,56,src/unsorted/0x4ca990.cpp,?FUN_004ca990@@YGHPAUNet_004ca990@@KPAXPAK@Z,matched,100.0
0x4ca9d0,13,src/unsorted/0x4ca9d0.cpp,?FUN_004ca9d0@@YGHPAUClass_004ca9d0@@@Z,matched,100.0
0x4ca9e0,12,src/unsorted/0x4ca9e0.cpp,?FUN_004ca9e0@@YGHH@Z,matched,100.0
0x4ca9f0,5,src/unsorted/0x4ca9f0.cpp,?FUN_004ca9f0@@YGHH@Z,matched,100.0
0x4caa00,8,src/unsorted/0x4caa00.cpp,?FUN_004caa00@@YGHHH@Z,matched,100.0
0x4caa10,8,src/unsorted/0x4caa10.cpp,?FUN_004caa10@@YGHHHHHHHHHHH@Z,matched,100.0
0x4caa20,22,src/unsorted/0x4caa20.cpp,?FUN_004caa20@@YGXHH@Z,matched,100.0
0x4caec0,98,src/unsorted/0x4caec0.cpp,?FUN_004caec0@@YGXPADPAUBitmap_004caec0@@@Z,matched,100.0
0x4cb2f0,59,src/unsorted/0x4cb2f0.cpp,?FUN_004cb2f0@@YGHPAUTable_004cb2f0@@PAUList_004cb2f0@@@Z,matched,100.0
0x4cb330,58,src/unsorted/0x4cb330.cpp,?FUN_004cb330@@YGXPAUBlob32_4cb330@@0@Z,matched,100.0
0x4cb4c0,156,src/unsorted/0x4cb4c0.cpp,?FUN_004cb4c0@@YGXHPAUNode_004cb4c0@@@Z,matched,100.0
0x4cb560,36,src/unsorted/0x4cb560.cpp,?FUN_004cb560@@YGPAXPAD@Z,matched,100.0
0x4cb590,95,src/unsorted/0x4cb590.cpp,?FUN_004cb590@@YGXPAUObject_004cb590@@@Z,matched,100.0
0x4cb5f0,84,src/unsorted/0x4cb5f0.cpp,?FUN_004cb5f0@@YGHPAUNode_004cb5f0@@@Z,matched,100.0
0x4cb650,69,src/unsorted/0x4cb650.cpp,?FUN_004cb650@@YGXPAUObject_004cb650@@PAUVec3_004cb650@@1H@Z,matched,100.0
0x4cb7c0,10,src/unsorted/0x4cb7c0.cpp,?FUN_004cb7c0@Class_004cb7c0@@QAEPAU1@XZ,matched,100.0
0x4cb7d0,17,src/unsorted/0x4cb7d0.cpp,?FUN_004cb7d0@Class_004cb7d0@@QAEXXZ,matched,100.0
0x4cb940,157,src/unsorted/0x4cb940.cpp,?FUN_004cb940@Class_004cb940@@QAE_NPAUImage_004cb940@@HHHHHH@Z,matched,100.0
0x4cbb70,105,src/unsorted/0x4cbb70.cpp,?FUN_004cbb70@@YGHH@Z,matched,100.0
0x4cd9b0,3,src/unsorted/0x4cd9b0.cpp,?FUN_004cd9b0@@YGXH@Z,matched,100.0
0x4cd9c0,7,src/unsorted/0x4cd9c0.cpp,?FUN_004cd9c0@Class_004cd9c0@@QAEHXZ,matched,100.0
0x4cd9d0,39,src/unsorted/0x4cd9d0.cpp,?FUN_004cd9d0@Class_004cd9d0@@QAEHP6AXXZ@Z,matched,100.0
0x4ce020,7,src/unsorted/0x4ce020.cpp,?FUN_004ce020@Class_004ce020@@QAEHXZ,matched,100.0
0x4ce190,61,src/unsorted/0x4ce190.cpp,?FUN_004ce190@Class_004ce190@@QAEXXZ,matched,100.0
0x4ce1d0,14,src/unsorted/0x4ce1d0.cpp,?FUN_004ce1d0@Class_004ce1d0@@QAE_NXZ,matched,100.0
0x4ce1e0,114,src/unsorted/0x4ce1e0.cpp,?FUN_004ce1e0@@YGHPAXJ@Z,matched,100.0
0x4ce3e0,39,src/unsorted/0x4ce3e0.cpp,?FUN_004ce3e0@Class_004ce3e0@@QAEXPBX@Z,matched,100.0
0x4ce410,50,src/unsorted/0x4ce410.cpp,?FUN_004ce410@Class_004ce410@@QAEXXZ,matched,100.0
0x4ce450,7,src/unsorted/0x4ce450.cpp,?FUN_004ce450@Class_004ce450@@QAEHXZ,matched,100.0
0x4ce580,23,src/unsorted/0x4ce580.cpp,?FUN_004ce580@Class_004ce580@@QAEXH@Z,matched,100.0
0x4ce5a0,7,src/unsorted/0x4ce5a0.cpp,?FUN_004ce5a0@Class_004ce5a0@@QAEHXZ,matched,100.0
0x4ce5b0,35,src/unsorted/0x4ce5b0.cpp,?FUN_004ce5b0@@YGXPAX@Z,matched,100.0
0x4ce5e0,150,src/unsorted/0x4ce5e0.cpp,?FUN_004ce5e0@@YGXPAX@Z,matched,100.0
0x4ce680,7,src/unsorted/0x4ce680.cpp,?FUN_004ce680@Class_004ce680@@QAEHXZ,matched,100.0
0x4ce7a0,18,src/unsorted/0x4ce7a0.cpp,?FUN_004ce7a0@Class_004ce7a0@@QAEHH@Z,matched,100.0
0x4ce7c0,18,src/unsorted/0x4ce7c0.cpp,?FUN_004ce7c0@Class_004ce7c0@@QAEXHE@Z,matched,100.0
0x4ce7e0,14,src/unsorted/0x4ce7e0.cpp,?FUN_004ce7e0@Class_004ce7e0@@QAEEH@Z,matched,100.0
0x4ce7f0,7,src/unsorted/0x4ce7f0.cpp,?FUN_004ce7f0@Class_004ce7f0@@QAEHXZ,matched,100.0
0x4ce800,117,src/unsorted/0x4ce800.cpp,?FUN_004ce800@Class_004ce800@@QAEHXZ,matched,100.0
0x4ce880,50,src/unsorted/0x4ce880.cpp,?FUN_004ce880@@YAHXZ,matched,100.0
0x4ce8c0,71,src/unsorted/0x4ce8c0.cpp,?FUN_004ce8c0@Class_004ce8c0@@QAEHH@Z,matched,100.0
0x4ced40,121,src/unsorted/0x4ced40.cpp,?FUN_004ced40@Class_004ced40@@QAEHXZ,matched,100.0
0x4cedc0,123,src/unsorted/0x4cedc0.cpp,?FUN_004cedc0@Class_004cedc0@@QAEXH@Z,matched,100.0
0x4cee40,3,src/unsorted/0x4cee40.cpp,?FUN_004cee40@@YGXH@Z,matched,100.0
0x4cee50,137,src/unsorted/0x4cee50.cpp,??0Class_004cee50@@QAE@XZ,matched,100.0
0x4cf0b0,148,src/unsorted/0x4cf0b0.cpp,?FUN_004cf0b0@Class_004cf0b0@@QAEXXZ,matched,100.0
0x4cf150,48,src/unsorted/0x4cf150.cpp,?FUN_004cf150@Class_004cf150@@QAEXXZ,matched,100.0
0x4cf180,138,src/unsorted/0x4cf180.cpp,?FUN_004cf180@Class_004cf180@@QAEXXZ,matched,100.0
0x4cf210,10,src/unsorted/0x4cf210.cpp,?FUN_004cf210@Class_004cf210@@QAEXH@Z,matched,100.0
0x4cf220,4,src/unsorted/0x4cf220.cpp,?FUN_004cf220@Class_004cf220@@QAEHXZ,matched,100.0
0x4cf4d0,103,src/unsorted/0x4cf4d0.cpp,?FUN_004cf4d0@Class_004cf4d0@@QAEXPAPAUIDirectSoundBuffer@@@Z,matched,100.0
0x4cf540,40,src/unsorted/0x4cf540.cpp,?FUN_004cf540@Class_004cf540@@QAEXHH@Z,matched,100.0
0x4cf8a0,153,src/unsorted/0x4cf8a0.cpp,?FUN_004cf8a0@Class_004cf8a0@@QAEHHHHHHHH@Z,matched,100.0
0x4cfb40,82,src/unsorted/0x4cfb40.cpp,?FUN_004cfb40@Class_004cfb40@@QAEXXZ,matched,100.0
0x4cfba0,28,src/unsorted/0x4cfba0.cpp,?FUN_004cfba0@Class_004cfba0@@QAEHXZ,matched,100.0
0x4cfe40,56,src/unsorted/0x4cfe40.cpp,?FUN_004cfe40@Class_004cfe40@@QAEXPAXI@Z,matched,100.0
0x4cfe80,8,src/unsorted/0x4cfe80.cpp,?FUN_004cfe80@Class_004cfe80@@QAEXXZ,matched,100.0
0x4cfe90,8,src/unsorted/0x4cfe90.cpp,?FUN_004cfe90@Class_004cfe90@@QAEXXZ,matched,100.0
0x4cfea0,4,src/unsorted/0x4cfea0.cpp,?FUN_004cfea0@Class_004cfea0@@QAEHXZ,matched,100.0
0x4cfeb0,17,src/unsorted/0x4cfeb0.cpp,?FUN_004cfeb0@Class_004cfeb0@@QAEXHH@Z,matched,100.0
0x4cfed0,3,src/unsorted/0x4cfed0.cpp,?FUN_004cfed0@@YAHXZ,matched,100.0
0x4cfee0,1,src/unsorted/0x4cfee0.cpp,?FUN_004cfee0@@YAXXZ,matched,100.0
0x4cfef0,3,src/unsorted/0x4cfef0.cpp,?FUN_004cfef0@@YAHXZ,matched,100.0
0x4cff00,1,src/unsorted/0x4cff00.cpp,?FUN_004cff00@@YAXXZ,matched,100.0
0x4cff10,3,src/unsorted/0x4cff10.cpp,?FUN_004cff10@@YAHXZ,matched,100.0
0x4cff20,7,src/unsorted/0x4cff20.cpp,?FUN_004cff20@Class_004cff20@@QAEHXZ,matched,100.0
0x4cfff0,71,src/unsorted/0x4cfff0.cpp,?FUN_004cfff0@Class_004cfff0@@QAEHXZ,matched,100.0
0x4d0070,88,src/unsorted/0x4d0070.cpp,?FUN_004d0070@Class_004d0070@@QAEHH@Z,matched,100.0
0x4d00d0,81,src/unsorted/0x4d00d0.cpp,?FUN_004d00d0@Class_004d00d0@@QAEHHH@Z,matched,100.0
0x4d0130,124,src/unsorted/0x4d0130.cpp,?FUN_004d0130@Class_004d0130@@QAEXXZ,matched,100.0
0x4d0620,19,src/unsorted/0x4d0620.cpp,?FUN_004d0620@Class_004d0620@@QAEXPAD@Z,matched,100.0
0x4d0640,25,src/unsorted/0x4d0640.cpp,?FUN_004d0640@Class_004d0640@@QAEXPBDHH@Z,matched,100.0
0x4d0660,22,src/unsorted/0x4d0660.cpp,?FUN_004d0660@Class_004d0660@@QAEXPADH@Z,matched,100.0
0x4d0680,62,src/unsorted/0x4d0680.cpp,?FUN_004d0680@@YGXH@Z,matched,100.0
0x4d06c0,85,src/unsorted/0x4d06c0.cpp,?FUN_004d06c0@Class_004d06c0@@QAEHPADHH@Z,matched,100.0
0x4d09e0,47,src/unsorted/0x4d09e0.cpp,?FUN_004d09e0@@YAXXZ,matched,100.0
0x4d0a10,86,src/unsorted/0x4d0a10.cpp,?FUN_004d0a10@@YGXH@Z,matched,100.0
0x4d0a70,28,src/unsorted/0x4d0a70.cpp,?FUN_004d0a70@@YAHXZ,matched,100.0
0x4d0a90,28,src/unsorted/0x4d0a90.cpp,?FUN_004d0a90@@YAHXZ,matched,100.0
0x4d0ab0,48,src/unsorted/0x4d0ab0.cpp,?FUN_004d0ab0@@YAHXZ,matched,100.0
0x4d0ae0,48,src/unsorted/0x4d0ae0.cpp,?FUN_004d0ae0@@YAHXZ,matched,100.0
0x4d0b10,101,src/unsorted/0x4d0b10.cpp,?FUN_004d0b10@@YGXHH@Z,matched,100.0
0x4d0b80,137,src/unsorted/0x4d0b80.cpp,?FUN_004d0b80@@YGXHH@Z,matched,100.0
0x4d0c10,56,src/unsorted/0x4d0c10.cpp,?FUN_004d0c10@@YGHH@Z,matched,100.0
0x4d1800,13,src/unsorted/0x4d1800.cpp,?FUN_004d1800@@YAHXZ,matched,100.0
0x4d1810,13,src/unsorted/0x4d1810.cpp,?FUN_004d1810@@YAHXZ,matched,100.0
0x4d1820,333,src/unsorted/0x4d1820.cpp,?FUN_004d1820@@YGHPAUChunk_4d1820@@PAHPADHHH@Z,partial,96.2
0x4d1aa0,81,src/unsorted/0x4d1aa0.cpp,?FUN_004d1aa0@@YGIIH@Z,matched,100.0
0x4d1b00,61,src/unsorted/0x4d1b00.cpp,?FUN_004d1b00@@YGHPAE@Z,matched,100.0
0x4d1b40,39,src/unsorted/0x4d1b40.cpp,?FUN_004d1b40@@YGHPAE@Z,matched,100.0
0x4d1b70,35,src/unsorted/0x4d1b70.cpp,?FUN_004d1b70@@YGHPADI@Z,matched,100.0
0x4d1ba0,35,src/unsorted/0x4d1ba0.cpp,?FUN_004d1ba0@@YGHPAEI@Z,matched,100.0
0x4d1bd0,35,src/unsorted/0x4d1bd0.cpp,?FUN_004d1bd0@@YGHPAEH@Z,matched,100.0
0x4d1c00,81,src/unsorted/0x4d1c00.cpp,?FUN_004d1c00@@YGXPAUPackHeader_004d1c00@@@Z,matched,100.0
0x4d1c60,24,src/unsorted/0x4d1c60.cpp,?FUN_004d1c60@@YGPAXH@Z,matched,100.0
0x4d80b0,17,src/unsorted/0x4d80b0.cpp,?FUN_004d80b0@@YAXXZ,matched,100.0
0x4d80d0,87,src/unsorted/0x4d80d0.cpp,?FUN_004d80d0@@YADXZ,matched,100.0
0x4d8130,1,src/unsorted/0x4d8130.cpp,?FUN_004d8130@@YAXXZ,matched,100.0
0x4d8140,70,src/unsorted/0x4d8140.cpp,?FUN_004d8140@@YADXZ,matched,100.0
0x4d8190,1,src/unsorted/0x4d8190.cpp,?FUN_004d8190@@YAXXZ,matched,100.0
0x4d81a0,94,src/unsorted/0x4d81a0.cpp,?FUN_004d81a0@@YA_NHH@Z,matched,100.0
0x4d8200,74,src/unsorted/0x4d8200.cpp,?FUN_004d8200@@YADXZ,matched,100.0
0x4d8250,1,src/unsorted/0x4d8250.cpp,?FUN_004d8250@@YAXXZ,matched,100.0
0x4d8260,69,src/unsorted/0x4d8260.cpp,?FUN_004d8260@@YAHXZ,matched,100.0
0x4d82b0,1,src/unsorted/0x4d82b0.cpp,?FUN_004d82b0@@YAXXZ,matched,100.0
0x4d82c0,68,src/unsorted/0x4d82c0.cpp,?FUN_004d82c0@@YAXPAXII@Z,matched,100.0
0x4d8360,43,src/unsorted/0x4d8360.cpp,?FUN_004d8360@@YAIPAX@Z,matched,100.0
0x4d8390,1,src/unsorted/0x4d8390.cpp,?FUN_004d8390@@YAXXZ,matched,100.0
0x4d83a0,1,src/unsorted/0x4d83a0.cpp,?FUN_004d83a0@@YAXH@Z,matched,100.0
0x4d83b0,14,src/unsorted/0x4d83b0.cpp,?FUN_004d83b0@@YAXII@Z,matched,100.0
0x4d8450,14,src/unsorted/0x4d8450.cpp,?FUN_004d8450@@YAXI@Z,matched,100.0
0x4d8460,49,src/unsorted/0x4d8460.cpp,?FUN_004d8460@@YAPAXII@Z,matched,100.0
0x4d84a0,19,src/unsorted/0x4d84a0.cpp,?FUN_004d84a0@@YAXPAXHI@Z,matched,100.0
0x4d8580,21,src/unsorted/0x4d8580.cpp,?FUN_004d8580@@YAXPAHH@Z,matched,100.0
0x4d85a0,14,src/unsorted/0x4d85a0.cpp,?FUN_004d85a0@@YAXPAH@Z,matched,100.0
0x4d85b0,91,src/unsorted/0x4d85b0.cpp,?FUN_004d85b0@@YAXPAX@Z,matched,100.0
0x4d8610,76,src/unsorted/0x4d8610.cpp,?FUN_004d8610@@YAPADPAD@Z,matched,100.0
0x4d8660,14,src/unsorted/0x4d8660.cpp,?FUN_004d8660@@YAXI@Z,matched,100.0
0x4d8670,14,src/unsorted/0x4d8670.cpp,?FUN_004d8670@@YAXPAH@Z,matched,100.0
0x4d8680,3,src/unsorted/0x4d8680.cpp,?FUN_004d8680@@YADXZ,matched,100.0
0x4d8690,21,src/unsorted/0x4d8690.cpp,?FUN_004d8690@@YAXHH@Z,matched,100.0
0x4d86b0,63,src/unsorted/0x4d86b0.cpp,?FUN_004d86b0@@YAXHHH@Z,matched,100.0
0x4d86f0,21,src/unsorted/0x4d86f0.cpp,?FUN_004d86f0@@YAXHH@Z,matched,100.0
0x4d8710,16,src/unsorted/0x4d8710.cpp,?FUN_004d8710@@YAXPAX@Z,matched,100.0
0x4d8720,82,src/unsorted/0x4d8720.cpp,?FUN_004d8720@@YAXPAXH@Z,matched,100.0
0x4d8780,16,src/unsorted/0x4d8780.cpp,?FUN_004d8780@@YAXPAX@Z,matched,100.0
0x4d8790,81,src/unsorted/0x4d8790.cpp,?FUN_004d8790@@YAXUBlockInfo_004d8790@@PADH@Z,matched,100.0
0x4d87f0,34,src/unsorted/0x4d87f0.cpp,??0Class_004d87f0@@QAE@XZ,matched,100.0
0x4d8820,48,src/unsorted/0x4d8820.cpp,??0Class_004d8820@@QAE@HHHHPBD@Z,matched,100.0
0x4d8850,31,src/unsorted/0x4d8850.cpp,?FUN_004d8850@Class_004d8850@@QAEXPAD@Z,matched,100.0
0x4d8b30,37,src/unsorted/0x4d8b30.cpp,?FUN_004d8b30@Class_004d8b30@@QAEXPBD@Z,matched,100.0
0x4d8b60,97,src/unsorted/0x4d8b60.cpp,?FUN_004d8b60@Class_004d8b60@@QAEXI@Z,matched,100.0
0x4d8bd0,38,src/unsorted/0x4d8bd0.cpp,??0Class_004d8bd0@@QAE@XZ,matched,100.0
0x4d8c00,73,src/unsorted/0x4d8c00.cpp,??0Class_004d8c00@@QAE@ABVClass_004d87f0@@PBDHH@Z,matched,100.0
0x4d8d40,35,src/unsorted/0x4d8d40.cpp,?FUN_004d8d40@Class_004d8d40@@QAEXD@Z,matched,100.0
0x4d8df0,34,src/unsorted/0x4d8df0.cpp,?FUN_004d8df0@@YAHXZ,matched,100.0
0x4d8e20,34,src/unsorted/0x4d8e20.cpp,?FUN_004d8e20@@YAPAXXZ,matched,100.0
0x4d8e50,16,src/unsorted/0x4d8e50.cpp,?FUN_004d8e50@@YAHH@Z,matched,100.0
0x4d9c60,60,src/unsorted/0x4d9c60.cpp,?FUN_004d9c60@Class_004d9c60@@QAEXPAH0HH@Z,matched,100.0
0x4d9f30,29,src/unsorted/0x4d9f30.cpp,?FUN_004d9f30@@YGHPAXK0@Z,matched,100.0
0x4d9f50,6,src/unsorted/0x4d9f50.cpp,?FUN_004d9f50@@YAHXZ,matched,100.0
0x4d9f60,118,src/unsorted/0x4d9f60.cpp,?FUN_004d9f60@@YAPADPAD@Z,matched,100.0
0x4d9fe0,89,src/unsorted/0x4d9fe0.cpp,??0Class_004d9fe0@@QAE@PADHD0000@Z,matched,100.0
0x4da040,106,src/unsorted/0x4da040.cpp,??0Class_004da040@@QAE@PADHH0@Z,matched,100.0
0x4da0b0,6,src/unsorted/0x4da0b0.cpp,?FUN_004da0b0@@YAHXZ,matched,100.0
0x4da0c0,26,src/unsorted/0x4da0c0.cpp,?FUN_004da0c0@@YAXXZ,matched,100.0
0x4da0e0,64,src/unsorted/0x4da0e0.cpp,?FUN_004da0e0@@YA_NPBD@Z,matched,100.0
0x4da2a0,21,src/unsorted/0x4da2a0.cpp,?FUN_004da2a0@@YGXH@Z,matched,100.0
0x4da4f0,65,src/unsorted/0x4da4f0.cpp,?FUN_004da4f0@@YAHHPAXP6GHXZJ@Z,matched,100.0
0x4da540,65,src/unsorted/0x4da540.cpp,?FUN_004da540@@YAPAXHPAXP6GHXZJ@Z,matched,100.0
0x4da590,27,src/unsorted/0x4da590.cpp,?FUN_004da590@@YAPADPAD@Z,matched,100.0
0x4da780,50,src/unsorted/0x4da780.cpp,?FUN_004da780@@YAPAVCritSec_004da780@@XZ,matched,100.0
0x4da7c0,1,src/unsorted/0x4da7c0.cpp,?FUN_004da7c0@@YAXXZ,matched,100.0
0x4da7d0,109,src/unsorted/0x4da7d0.cpp,?FUN_004da7d0@@YAXI@Z,matched,100.0
0x4da840,30,src/unsorted/0x4da840.cpp,?FUN_004da840@@YAXH@Z,matched,100.0
0x4da860,53,src/unsorted/0x4da860.cpp,?FUN_004da860@@YAXXZ,matched,100.0
0x4da8a0,17,src/unsorted/0x4da8a0.cpp,?FUN_004da8a0@@YAHH@Z,matched,100.0
0x4da8c0,15,src/unsorted/0x4da8c0.cpp,?FUN_004da8c0@@YAIH@Z,matched,100.0
0x4da9f0,62,src/unsorted/0x4da9f0.cpp,?FUN_004da9f0@@YAPAV?$Container_004da9f0@HV?$allocator@H@std@@@@XZ,matched,100.0
0x4db7b0,1,src/unsorted/0x4db7b0.cpp,?FUN_004db7b0@@YAXXZ,matched,100.0
0x4db7c0,6,src/unsorted/0x4db7c0.cpp,?FUN_004db7c0@@YAHXZ,matched,100.0
0x4dba40,158,src/unsorted/0x4dba40.cpp,?FUN_004dba40@@YAPAXPAXIH@Z,matched,100.0
0x4dbb90,35,src/unsorted/0x4dbb90.cpp,?FUN_004dbb90@@YAXPAI0@Z,matched,100.0
0x4dbd00,26,src/unsorted/0x4dbd00.cpp,?FUN_004dbd00@Class_004dbd00@@QAE?AVConstIter_004dbd00@@V2@@Z,matched,100.0
0x4dbd80,131,src/unsorted/0x4dbd80.cpp,?FUN_004dbd80@Class_004dbe10@@QAE?AV1@H@Z,matched,100.0
0x4dbe10,145,src/unsorted/0x4dbe10.cpp,?FUN_004dbe10@Class_004dbe10@@QAE?AV1@H@Z,matched,100.0
0x4dbeb0,14,src/unsorted/0x4dbeb0.cpp,?FUN_004dbeb0@Class_004dbeb0@@QAEPAHPAH@Z,matched,100.0
0x4dce00,88,src/unsorted/0x4dce00.cpp,?FUN_004dce00@Class_004dce00@@QAE?AVIter_004dce00@@ABI@Z,matched,100.0
0x4dd150,90,src/unsorted/0x4dd150.cpp,?FUN_004dd150@Class_004dd150@@QAEXPAUNode_004dd150@@@Z,matched,100.0
0x4dd1b0,49,src/unsorted/0x4dd1b0.cpp,?FUN_004dd1b0@@YAPAUNode_004dd1b0@@PAU1@@Z,matched,100.0
0x4dd1f0,92,src/unsorted/0x4dd1f0.cpp,?FUN_004dd1f0@Class_004dd1f0@@QAEXPAUNode_004dd1f0@@@Z,matched,100.0
0x4dd250,79,src/unsorted/0x4dd250.cpp,?FUN_004dd250@Class_004dd250@@QAEPAUNode_004dd250@@ABI@Z,matched,100.0
0x4dd340,132,src/unsorted/0x4dd340.cpp,?FUN_004dd340@Class_004dd340@@QAEXXZ,matched,100.0
0x4dd710,90,src/unsorted/0x4dd710.cpp,?FUN_004dd710@Class_004dd710@@QAEXPAUNode_004dd710@@@Z,matched,100.0
0x4dd770,92,src/unsorted/0x4dd770.cpp,?FUN_004dd770@Class_004dd770@@QAEXPAUNode_004dd770@@@Z,matched,100.0
0x4dd7d0,79,src/unsorted/0x4dd7d0.cpp,?FUN_004dd7d0@Class_004dd7d0@@QAEPAUNode_004dd7d0@@ABI@Z,matched,100.0
0x4ddbe0,22,src/unsorted/0x4ddbe0.cpp,?FUN_004ddbe0@Class_004ddbe0@@QAEPAV1@PAHPAE@Z,matched,100.0
0x4ddc00,133,src/unsorted/0x4ddc00.cpp,?FUN_004ddc00@Class_004ddc00@@QAEPAUNode_004ddc00@@HH@Z,matched,100.0
0x4ddc90,79,src/unsorted/0x4ddc90.cpp,?FUN_004ddc90@Class_004ddc90@@QAEPAUNode_004ddc90@@ABI@Z,matched,100.0
0x4ddce0,133,src/unsorted/0x4ddce0.cpp,?FUN_004ddce0@Class_004ddce0@@QAEPAUNode_004ddce0@@HH@Z,matched,100.0
0x4ddd70,126,src/unsorted/0x4ddd70.cpp,?FUN_004ddd70@Class_004ddd70@@QAEPAXI@Z,matched,100.0
0x4dddf0,126,src/unsorted/0x4dddf0.cpp,?FUN_004dddf0@Class_004dddf0@@QAEPAXI@Z,matched,100.0
0x4dde70,132,src/unsorted/0x4dde70.cpp,?FUN_004dde70@Class_004dde70@@QAEXXZ,matched,100.0
0x4ddf00,158,src/unsorted/0x4ddf00.cpp,??0Class_004ddf00@@QAE@PAX@Z,partial,85.4
0x4ddfa0,63,src/unsorted/0x4ddfa0.cpp,?FUN_004ddfa0@Class_004ddfa0@@QAEPAUFpo_004de020@@XZ,matched,100.0
0x4ddfe0,57,src/unsorted/0x4ddfe0.cpp,?FUN_004ddfe0@Class_004ddfe0@@QAEIXZ,matched,100.0
0x4de020,125,src/unsorted/0x4de020.cpp,?FUN_004de020@Class_004de020@@QAEPAUFpo_004de020@@I@Z,matched,100.0
0x4de0f0,10,src/unsorted/0x4de0f0.cpp,?FUN_004de0f0@@YAXXZ,matched,100.0
0x4de100,8,src/unsorted/0x4de100.cpp,?FUN_004de100@@YGXHH@Z,matched,100.0
0x4de110,105,src/unsorted/0x4de110.cpp,?FUN_004de110@@YAXXZ,matched,100.0
0x4de4c0,1,src/unsorted/0x4de4c0.cpp,?FUN_004de4c0@@YAXXZ,matched,100.0
0x4de4d0,109,src/unsorted/0x4de4d0.cpp,?FUN_004de4d0@@YADXZ,matched,100.0
0x4de540,1,src/unsorted/0x4de540.cpp,?FUN_004de540@@YAXXZ,matched,100.0
0x4de600,243,src/unsorted/0x4de600.cpp,?FUN_004de600@@YAXPAH0HH0H00H0@Z,matched,100.0
0x4de810,130,src/unsorted/0x4de810.cpp,?FUN_004de810@@YA_NPAD0@Z,matched,100.0
0x4df160,101,src/unsorted/0x4df160.cpp,?FUN_004df160@@YAXXZ,matched,100.0
0x4df1d0,1,src/unsorted/0x4df1d0.cpp,?FUN_004df1d0@@YAXXZ,matched,100.0
0x4df1e0,102,src/unsorted/0x4df1e0.cpp,??0Class_004df1e0@@QAE@XZ,matched,100.0
0x4df250,46,src/unsorted/0x4df250.cpp,?FUN_004df250@Class_004df250@@QAEXXZ,matched,100.0
0x4df330,76,src/unsorted/0x4df330.cpp,?FUN_004df330@@YGHPAXIIJ@Z,matched,100.0
0x4dfd00,15,src/unsorted/0x4dfd00.cpp,?FUN_004dfd00@@YAXXZ,matched,100.0
0x4dfd10,51,src/unsorted/0x4dfd10.cpp,?FUN_004dfd10@@YAPAVClass_004df1e0@@XZ,matched,100.0
0x4dfe80,28,src/unsorted/0x4dfe80.cpp,?FUN_004dfe80@@YAXXZ,matched,100.0
0x4e03f0,88,src/unsorted/0x4e03f0.cpp,?FUN_004e03f0@Class_004e03f0@@QAEXPAUNode_004e03f0@@@Z,matched,100.0
0x4e0450,132,src/unsorted/0x4e0450.cpp,?FUN_004e0450@Class_004e0450@@QAEXXZ,matched,100.0
0x4e04e0,49,src/unsorted/0x4e04e0.cpp,?FUN_004e04e0@@YAPAUNode_004e04e0@@PAU1@@Z,matched,100.0
0x4e0520,67,src/unsorted/0x4e0520.cpp,?FUN_004e0520@Class_004e0520@@QAEXH@Z,matched,100.0
0x4e0570,73,src/unsorted/0x4e0570.cpp,??0Class_004e0570@@QAE@XZ,matched,100.0
0x4e05c0,46,src/unsorted/0x4e05c0.cpp,?FUN_004e05c0@Class_004e05c0@@QAEXXZ,matched,100.0
0x4e06a0,76,src/unsorted/0x4e06a0.cpp,?FUN_004e06a0@@YGHPAXIIJ@Z,matched,100.0
0x4e06f0,50,src/unsorted/0x4e06f0.cpp,?FUN_004e06f0@@YAPAU_RTL_CRITICAL_SECTION@@XZ,matched,100.0
0x4e0730,1,src/unsorted/0x4e0730.cpp,?FUN_004e0730@@YAXXZ,matched,100.0
0x4e0740,67,src/unsorted/0x4e0740.cpp,?FUN_004e0740@@YAXXZ,matched,100.0
0x4e0790,67,src/unsorted/0x4e0790.cpp,?FUN_004e0790@@YAXXZ,matched,100.0
0x4e1400,15,src/unsorted/0x4e1400.cpp,?FUN_004e1400@@YAXXZ,matched,100.0
0x4e1410,51,src/unsorted/0x4e1410.cpp,?FUN_004e1410@@YAPAVClass_004e0570@@XZ,matched,100.0
0x4e1450,1,src/unsorted/0x4e1450.cpp,?FUN_004e1450@@YAXXZ,matched,100.0
0x4e1460,28,src/unsorted/0x4e1460.cpp,?FUN_004e1460@@YAXXZ,matched,100.0
0x4e1560,45,src/unsorted/0x4e1560.cpp,??0Class_004e1560@@QAE@PBD@Z,matched,100.0
0x4e1650,47,src/unsorted/0x4e1650.cpp,?FUN_004e1650@Class_004e1650@@QAEXXZ,matched,100.0
0x4e1680,38,src/unsorted/0x4e1680.cpp,?FUN_004e1680@@YAEXZ,matched,100.0
0x4e1700,44,src/unsorted/0x4e1700.cpp,?FUN_004e1700@@YADXZ,matched,100.0
0x4e1730,132,src/unsorted/0x4e1730.cpp,?FUN_004e1730@@YANXZ,matched,100.0
0x4e1990,158,src/unsorted/0x4e1990.cpp,?FUN_004e1990@Class_004e1990@@QAEXABVClass_004e1a30@@@Z,matched,100.0
0x4e1a30,80,src/unsorted/0x4e1a30.cpp,?FUN_004e1a30@Class_004e1a30@@QAEHABV1@@Z,matched,100.0
0x4e1a80,14,src/unsorted/0x4e1a80.cpp,?FUN_004e1a80@@YAXI@Z,matched,100.0
0x4e1a90,44,src/unsorted/0x4e1a90.cpp,?FUN_004e1a90@@YAPAVClass_004e17c0@@XZ,matched,100.0
0x4e1ac0,50,src/unsorted/0x4e1ac0.cpp,?FUN_004e1ac0@@YAPAVCritSec_004e1ac0@@XZ,matched,100.0
0x4e1b00,1,src/unsorted/0x4e1b00.cpp,?FUN_004e1b00@@YAXXZ,matched,100.0
0x4e1d20,30,src/unsorted/0x4e1d20.cpp,??0Class_004e1d20@@QAE@H@Z,matched,100.0
0x4e1d40,26,src/unsorted/0x4e1d40.cpp,??0Class_004e1d20@@QAE@HH@Z,matched,100.0
0x4e1d60,122,src/unsorted/0x4e1d60.cpp,?FUN_004e1d60@Class_004e1d60@@QAEXHH@Z,matched,100.0
0x4e1de0,78,src/unsorted/0x4e1de0.cpp,??1Class_004e1d20@@QAE@XZ,matched,100.0
0x4e1e30,23,src/unsorted/0x4e1e30.cpp,?FUN_004e1e30@Class_004e1e30@@QAENXZ,matched,100.0
0x4e2150,16,src/unsorted/0x4e2150.cpp,?FUN_004e2150@Class_004e2150@@QAEXXZ,matched,100.0
0x4e2160,25,src/unsorted/0x4e2160.cpp,?FUN_004e2160@Class_004e2160@@QAEXXZ,matched,100.0
0x4e2180,18,src/unsorted/0x4e2180.cpp,?FUN_004e2180@Class_004e2180@@QAEXXZ,matched,100.0
0x4e21a0,29,src/unsorted/0x4e21a0.cpp,?FUN_004e21a0@Class_004e21a0@@QAEXN@Z,matched,100.0
0x4e21c0,42,src/unsorted/0x4e21c0.cpp,?FUN_004e21c0@Class_004e21c0@@QAEXN@Z,matched,100.0
0x4e21f0,75,src/unsorted/0x4e21f0.cpp,?FUN_004e21f0@Class_004e21f0@@QAENXZ,matched,100.0
0x4e2240,14,src/unsorted/0x4e2240.cpp,?FUN_004e2240@Class_004e2240@@QAEPAHPAH@Z,matched,100.0
0x4e2580,146,src/unsorted/0x4e2580.cpp,?FUN_004e2580@Class_004e2580@@QAE?AVIter_004e2580@@ABQBD@Z,matched,100.0
0x4e2950,90,src/unsorted/0x4e2950.cpp,?FUN_004e2950@Class_004e2950@@QAEXPAUNode_004e2950@@@Z,matched,100.0
0x4e29b0,92,src/unsorted/0x4e29b0.cpp,?FUN_004e29b0@Class_004e29b0@@QAEXPAUNode_004e29b0@@@Z,matched,100.0
0x4e2a10,22,src/unsorted/0x4e2a30.cpp,?FUN_004e2a10@Class_004e2a10@@QAEPAV1@PBUData1@@PBUData2@@@Z,matched,100.0
0x4e2a30,122,src/unsorted/0x4e2a30.cpp,?FUN_004e2a30@Class_004e2a30@@QAEPAUNode_004e2a30@@HH@Z,matched,100.0
0x4e2b60,126,src/unsorted/0x4e2b60.cpp,?FUN_004e2b60@Class_004e2b60@@QAEPAXI@Z,matched,100.0
0x4e2cb0,1,src/unsorted/0x4e2cb0.cpp,??1Class_004e2be0@@QAE@XZ,matched,100.0
0x4e2cc0,32,src/unsorted/0x4e2cc0.cpp,?FUN_004e2cc0@Class_004e2cc0@@QAE_NPBDI@Z,matched,100.0
0x4e2ce0,23,src/unsorted/0x4e2ce0.cpp,?FUN_004e2ce0@Class_004e2ce0@@QAEXPAXI@Z,matched,100.0
0x4e2d00,106,src/unsorted/0x4e2d00.cpp,?FUN_004e2d00@Class_004e2d00@@QAEHPBDHHH@Z,matched,100.0
0x4e2d70,28,src/unsorted/0x4e2d70.cpp,?FUN_004e2d70@Class_004e2d70@@QAEXPBDK@Z,matched,100.0
0x4e2d90,106,src/unsorted/0x4e2d90.cpp,?FUN_004e2d90@Class_004e2d90@@QAEKPBDKKK@Z,matched,100.0
0x4e2e00,28,src/unsorted/0x4e2e00.cpp,?FUN_004e2e00@Class_004e2e00@@QAEXPBDH@Z,matched,100.0
0x4e2e20,61,src/unsorted/0x4e2e20.cpp,?FUN_004e2e20@Class_004e2e20@@QAEXPBDPAKKKK@Z,matched,100.0
0x4e2e60,61,src/unsorted/0x4e2e60.cpp,?FUN_004e2e60@Class_004e2e60@@QAEXPADPAHHHH@Z,matched,100.0
0x4e2ea0,61,src/unsorted/0x4e2ea0.cpp,?FUN_004e2ea0@Class_004e2ea0@@QAEXPADPAHHHH@Z,matched,100.0
0x4e2ee0,66,src/unsorted/0x4e2ee0.cpp,?FUN_004e2ee0@Class_004e2ee0@@QAEXPADPAFFFF@Z,matched,100.0
0x4e2f30,81,src/unsorted/0x4e2f30.cpp,?FUN_004e2f30@Class_004e2f30@@QAEXPADPAGGGG@Z,matched,100.0
0x4e2f90,65,src/unsorted/0x4e2f90.cpp,?FUN_004e2f90@Class_004e2f90@@QAEXPAD0DDD@Z,matched,100.0
0x4e2fe0,67,src/unsorted/0x4e2fe0.cpp,?FUN_004e2fe0@Class_004e2fe0@@QAEXPADPA_N_N@Z,matched,100.0
0x4e3030,79,src/unsorted/0x4e3030.cpp,?FUN_004e3030@Class_004e3030@@QAEXPADPAEEEE@Z,matched,100.0
0x4e33d0,41,src/unsorted/0x4e33d0.cpp,?FUN_004e33d0@@YAXPAXPADNN@Z,matched,100.0
0x4e3710,52,src/unsorted/0x4e3710.cpp,?FUN_004e3710@@YA_NXZ,matched,100.0
0x4e38e0,78,src/unsorted/0x4e38e0.cpp,?FUN_004e38e0@@YA_NKPAX@Z,matched,100.0
0x4e3930,101,src/unsorted/0x4e3930.cpp,?FUN_004e3930@@YA_NKKK@Z,matched,100.0
0x4e39a0,6,src/unsorted/0x4e39a0.cpp,?FUN_004e39a0@@YAHXZ,matched,100.0
0x4e3e10,6,src/unsorted/0x4e3e10.cpp,?FUN_004e3e10@@YAHXZ,matched,100.0
0x4e41e0,14,src/unsorted/0x4e41e0.cpp,?FUN_004e41e0@@YAXXZ,matched,100.0
0x4e41f0,14,src/unsorted/0x4e41f0.cpp,?FUN_004e41f0@@YAXXZ,matched,100.0
0x4e4200,14,src/unsorted/0x4e4200.cpp,?FUN_004e4200@@YAXXZ,matched,100.0
0x4e4210,14,src/unsorted/0x4e4210.cpp,?FUN_004e4210@@YAXXZ,matched,100.0
0x4e4220,14,src/unsorted/0x4e4220.cpp,?FUN_004e4220@@YAXXZ,matched,100.0
0x4e4230,14,src/unsorted/0x4e4230.cpp,?FUN_004e4230@@YAXXZ,matched,100.0
0x4e4240,14,src/unsorted/0x4e4240.cpp,?FUN_004e4240@@YAXXZ,matched,100.0
0x4e4250,1,src/unsorted/0x4e4250.cpp,?FUN_004e4250@@YAXXZ,matched,100.0
0x4e4260,1,src/unsorted/0x4e4260.cpp,?FUN_004e4260@@YAXXZ,matched,100.0
0x4e4270,1,src/unsorted/0x4e4270.cpp,?FUN_004e4270@@YAXXZ,matched,100.0
0x4e4280,1,src/unsorted/0x4e4280.cpp,?FUN_004e4280@@YAXXZ,matched,100.0
0x4e4290,1,src/unsorted/0x4e4290.cpp,?FUN_004e4290@@YAXXZ,matched,100.0
0x4e42a0,1,src/unsorted/0x4e42a0.cpp,?FUN_004e42a0@@YAXXZ,matched,100.0
